product_sku,lot_code,orders,tickets,replacements,csat,rep_rate,defect_flag,sku_base_rep_rate
VA-AC-CASE,CASE-2504-1,3,1.0,0.0,,0.0,False,
VA-AC-CASE,CASE-2505-1,3,1.0,0.0,,0.0,False,
VA-AC-CASE,CASE-2505-2,4,0.0,0.0,,0.0,False,
VA-AC-CASE,CASE-2505-3,5,3.0,1.0,2.0,0.2,False,
VA-AC-CASE,CASE-2505-4,2,2.0,0.0,1.0,0.0,False,
VA-AC-CASE,CASE-2506-1,7,5.0,0.0,3.5,0.0,False,
VA-AC-CASE,CASE-2506-2,2,1.0,0.0,,0.0,False,
VA-AC-CASE,CASE-2506-3,3,5.0,0.0,3.5,0.0,False,
VA-AC-CASE,CASE-2506-4,5,4.0,0.0,3.667,0.0,False,
VA-AC-CASE,CASE-2507-1,8,6.0,0.0,3.0,0.0,False,
VA-AC-CASE,CASE-2507-2,4,2.0,0.0,3.0,0.0,False,
VA-AC-CASE,CASE-2507-3,10,7.0,0.0,3.5,0.0,False,
VA-AC-CASE,CASE-2507-4,2,1.0,0.0,,0.0,False,
VA-AC-CASE,CASE-2508-1,6,9.0,1.0,3.333,0.167,False,
VA-AC-CASE,CASE-2508-2,11,7.0,0.0,4.0,0.0,False,
VA-AC-CASE,CASE-2508-3,9,4.0,0.0,2.5,0.0,False,
VA-AC-CASE,CASE-2508-4,6,2.0,0.0,3.5,0.0,False,
VA-AC-CASE,CASE-2509-1,11,13.0,0.0,3.429,0.0,False,
VA-AC-CASE,CASE-2509-2,8,5.0,0.0,4.0,0.0,False,
VA-AC-CASE,CASE-2509-4,8,6.0,0.0,3.5,0.0,False,
VA-AC-CASE,CASE-2510-1,7,9.0,0.0,3.5,0.0,False,
VA-AC-CASE,CASE-2510-2,7,3.0,1.0,3.5,0.143,False,
VA-AC-CASE,CASE-2510-3,8,7.0,1.0,2.333,0.125,False,
VA-AC-CASE,CASE-2510-4,7,3.0,0.0,,0.0,False,
VA-AC-CASE,CASE-2511-1,7,9.0,1.0,3.857,0.143,False,
VA-AC-CASE,CASE-2511-2,6,4.0,0.0,3.0,0.0,False,
VA-AC-CASE,CASE-2511-3,2,0.0,0.0,,0.0,False,
VA-AC-CASE,CASE-2511-4,6,3.0,1.0,4.0,0.167,False,
VA-AC-CASE,CASE-2512-1,8,4.0,1.0,4.0,0.125,False,
VA-AC-CASE,CASE-2512-2,10,11.0,0.0,2.667,0.0,False,
VA-AC-CASE,CASE-2512-3,8,4.0,0.0,5.0,0.0,False,
VA-AC-CASE,CASE-2512-4,10,5.0,0.0,3.0,0.0,False,
VA-AC-CASE,CASE-2601-1,7,5.0,0.0,4.0,0.0,False,
VA-AC-CASE,CASE-2601-2,6,10.0,1.0,4.0,0.167,False,
VA-AC-CASE,CASE-2601-3,11,7.0,0.0,3.0,0.0,False,
VA-AC-CASE,CASE-2601-4,9,9.0,3.0,2.0,0.333,False,
VA-AC-CASE,CASE-2602-1,7,8.0,1.0,4.0,0.143,False,
VA-AC-CASE,CASE-2602-2,3,4.0,0.0,4.0,0.0,False,
VA-AC-CASE,CASE-2602-3,7,4.0,0.0,3.5,0.0,False,
VA-AC-CASE,CASE-2602-4,4,4.0,0.0,4.0,0.0,False,
VA-AC-CASE,CASE-2603-1,10,9.0,1.0,3.25,0.1,False,
VA-AC-CASE,CASE-2603-2,9,6.0,0.0,3.0,0.0,False,
VA-AC-CASE,CASE-2603-3,2,3.0,1.0,4.0,0.5,False,
VA-AC-CASE,CASE-2603-4,6,3.0,0.0,3.0,0.0,False,
VA-AC-CASE,CASE-2604-1,2,3.0,0.0,,0.0,False,
VA-AC-CASE,CASE-2604-2,4,2.0,0.0,3.0,0.0,False,
VA-AC-CASE,CASE-2604-4,3,1.0,0.0,5.0,0.0,False,
VA-AC-CASE,CASE-2605-1,5,0.0,0.0,,0.0,False,
VA-AC-CASE,CASE-2605-2,1,0.0,0.0,,0.0,False,
VA-AC-CASE,CASE-2605-4,2,1.0,0.0,5.0,0.0,False,
VA-AC-CBL,CBL-2404-3,3,0.0,0.0,,0.0,False,
VA-AC-CBL,CBL-2404-4,1,0.0,0.0,,0.0,False,
VA-AC-CBL,CBL-2405-1,1,0.0,0.0,,0.0,False,
VA-AC-CBL,CBL-2405-2,2,0.0,0.0,,0.0,False,
VA-AC-CBL,CBL-2405-3,1,0.0,0.0,,0.0,False,
VA-AC-CBL,CBL-2405-4,2,0.0,0.0,,0.0,False,
VA-AC-CBL,CBL-2406-1,1,0.0,0.0,,0.0,False,
VA-AC-CBL,CBL-2406-2,4,0.0,0.0,,0.0,False,
VA-AC-CBL,CBL-2406-3,1,0.0,0.0,,0.0,False,
VA-AC-CBL,CBL-2407-3,2,0.0,0.0,,0.0,False,
VA-AC-CBL,CBL-2407-4,3,0.0,0.0,,0.0,False,
VA-AC-CBL,CBL-2408-2,1,0.0,0.0,,0.0,False,
VA-AC-CBL,CBL-2408-3,2,0.0,0.0,,0.0,False,
VA-AC-CBL,CBL-2409-2,2,2.0,0.0,,0.0,False,
VA-AC-CBL,CBL-2409-3,1,0.0,0.0,,0.0,False,
VA-AC-CBL,CBL-2409-4,1,1.0,0.0,5.0,0.0,False,
VA-AC-CBL,CBL-2410-1,1,1.0,0.0,5.0,0.0,False,
VA-AC-CBL,CBL-2410-2,2,1.0,0.0,,0.0,False,
VA-AC-CBL,CBL-2410-3,6,4.0,0.0,3.5,0.0,False,
VA-AC-CBL,CBL-2410-4,2,0.0,0.0,,0.0,False,
VA-AC-CBL,CBL-2411-1,1,0.0,0.0,,0.0,False,
VA-AC-CBL,CBL-2411-2,1,2.0,0.0,3.0,0.0,False,
VA-AC-CBL,CBL-2411-3,2,1.0,0.0,1.0,0.0,False,
VA-AC-CBL,CBL-2411-4,2,1.0,0.0,4.0,0.0,False,
VA-AC-CBL,CBL-2412-3,1,0.0,0.0,,0.0,False,
VA-AC-CBL,CBL-2412-4,1,2.0,0.0,,0.0,False,
VA-AC-CBL,CBL-2501-1,1,2.0,0.0,,0.0,False,
VA-AC-CBL,CBL-2501-2,1,1.0,0.0,,0.0,False,
VA-AC-CBL,CBL-2501-3,2,2.0,0.0,,0.0,False,
VA-AC-CBL,CBL-2501-4,1,0.0,0.0,,0.0,False,
VA-AC-CBL,CBL-2502-1,1,2.0,0.0,5.0,0.0,False,
VA-AC-CBL,CBL-2502-2,3,1.0,0.0,2.0,0.0,False,
VA-AC-CBL,CBL-2502-3,1,0.0,0.0,,0.0,False,
VA-AC-CBL,CBL-2503-1,1,0.0,0.0,,0.0,False,
VA-AC-CBL,CBL-2503-2,8,7.0,1.0,3.333,0.125,False,
VA-AC-CBL,CBL-2503-3,1,0.0,0.0,,0.0,False,
VA-AC-CBL,CBL-2503-4,1,0.0,0.0,,0.0,False,
VA-AC-CBL,CBL-2504-1,2,1.0,0.0,,0.0,False,
VA-AC-CBL,CBL-2504-2,2,1.0,0.0,4.0,0.0,False,
VA-AC-CBL,CBL-2504-3,2,4.0,0.0,3.0,0.0,False,
VA-AC-CBL,CBL-2504-4,3,6.0,1.0,4.0,0.333,False,
VA-AC-CBL,CBL-2505-1,2,2.0,0.0,,0.0,False,
VA-AC-CBL,CBL-2505-3,5,6.0,0.0,2.833,0.0,False,
VA-AC-CBL,CBL-2506-2,1,1.0,0.0,3.0,0.0,False,
VA-AC-CBL,CBL-2506-3,1,0.0,0.0,,0.0,False,
VA-AC-CBL,CBL-2506-4,2,2.0,0.0,4.0,0.0,False,
VA-AC-CBL,CBL-2507-2,2,2.0,0.0,,0.0,False,
VA-AC-CBL,CBL-2507-3,3,1.0,0.0,,0.0,False,
VA-AC-CBL,CBL-2508-1,3,4.0,1.0,3.0,0.333,False,
VA-AC-CBL,CBL-2508-2,1,1.0,0.0,4.0,0.0,False,
VA-AC-CBL,CBL-2508-3,2,3.0,1.0,3.5,0.5,False,
VA-AC-CBL,CBL-2508-4,3,2.0,0.0,2.0,0.0,False,
VA-AC-CBL,CBL-2509-1,1,0.0,0.0,,0.0,False,
VA-AC-CBL,CBL-2509-3,4,0.0,0.0,,0.0,False,
VA-AC-CBL,CBL-2510-1,2,0.0,0.0,,0.0,False,
VA-AC-CBL,CBL-2510-2,2,0.0,0.0,,0.0,False,
VA-AC-CBL,CBL-2510-3,2,2.0,1.0,3.0,0.5,False,
VA-AC-CBL,CBL-2510-4,1,0.0,0.0,,0.0,False,
VA-AC-CBL,CBL-2511-1,3,2.0,1.0,4.0,0.333,False,
VA-AC-CBL,CBL-2511-2,2,2.0,0.0,2.0,0.0,False,
VA-AC-CBL,CBL-2511-3,1,1.0,0.0,,0.0,False,
VA-AC-CBL,CBL-2511-4,2,2.0,1.0,4.0,0.5,False,
VA-AC-CBL,CBL-2512-1,2,3.0,0.0,3.0,0.0,False,
VA-AC-CBL,CBL-2512-3,2,3.0,0.0,4.5,0.0,False,
VA-AC-CBL,CBL-2512-4,2,1.0,0.0,4.0,0.0,False,
VA-AC-CBL,CBL-2601-1,1,2.0,0.0,,0.0,False,
VA-AC-CBL,CBL-2601-2,3,0.0,0.0,,0.0,False,
VA-AC-CBL,CBL-2601-3,1,1.0,0.0,4.0,0.0,False,
VA-AC-CBL,CBL-2601-4,3,0.0,0.0,,0.0,False,
VA-AC-CBL,CBL-2602-1,2,2.0,0.0,3.0,0.0,False,
VA-AC-CBL,CBL-2602-2,2,0.0,0.0,,0.0,False,
VA-AC-CBL,CBL-2602-4,1,1.0,0.0,,0.0,False,
VA-AC-CBL,CBL-2603-2,1,1.0,0.0,4.0,0.0,False,
VA-AC-CBL,CBL-2603-3,2,0.0,0.0,,0.0,False,
VA-AC-CBL,CBL-2603-4,1,0.0,0.0,,0.0,False,
VA-AC-CBL,CBL-2604-2,1,1.0,0.0,3.0,0.0,False,
VA-AC-CBL,CBL-2604-3,1,2.0,0.0,4.0,0.0,False,
VA-AC-CBL,CBL-2604-4,2,1.0,0.0,3.0,0.0,False,
VA-AC-CBL,CBL-2605-2,1,0.0,0.0,,0.0,False,
VA-AC-CH65,CH65-2403-1,2,0.0,0.0,,0.0,False,
VA-AC-CH65,CH65-2403-2,1,0.0,0.0,,0.0,False,
VA-AC-CH65,CH65-2403-4,1,0.0,0.0,,0.0,False,
VA-AC-CH65,CH65-2404-1,2,0.0,0.0,,0.0,False,
VA-AC-CH65,CH65-2404-2,2,0.0,0.0,,0.0,False,
VA-AC-CH65,CH65-2404-3,3,0.0,0.0,,0.0,False,
VA-AC-CH65,CH65-2404-4,2,0.0,0.0,,0.0,False,
VA-AC-CH65,CH65-2405-1,1,0.0,0.0,,0.0,False,
VA-AC-CH65,CH65-2405-2,4,0.0,0.0,,0.0,False,
VA-AC-CH65,CH65-2405-3,2,0.0,0.0,,0.0,False,
VA-AC-CH65,CH65-2405-4,3,0.0,0.0,,0.0,False,
VA-AC-CH65,CH65-2406-1,1,0.0,0.0,,0.0,False,
VA-AC-CH65,CH65-2406-2,1,0.0,0.0,,0.0,False,
VA-AC-CH65,CH65-2406-4,6,1.0,0.0,,0.0,False,
VA-AC-CH65,CH65-2407-1,4,0.0,0.0,,0.0,False,
VA-AC-CH65,CH65-2407-2,4,1.0,0.0,4.0,0.0,False,
VA-AC-CH65,CH65-2407-3,4,0.0,0.0,,0.0,False,
VA-AC-CH65,CH65-2408-1,2,1.0,0.0,,0.0,False,
VA-AC-CH65,CH65-2408-2,3,0.0,0.0,,0.0,False,
VA-AC-CH65,CH65-2408-3,2,0.0,0.0,,0.0,False,
VA-AC-CH65,CH65-2408-4,8,0.0,0.0,,0.0,False,
VA-AC-CH65,CH65-2409-1,3,0.0,0.0,,0.0,False,
VA-AC-CH65,CH65-2409-2,1,0.0,0.0,,0.0,False,
VA-AC-CH65,CH65-2409-3,4,0.0,0.0,,0.0,False,
VA-AC-CH65,CH65-2409-4,5,0.0,0.0,,0.0,False,
VA-AC-CH65,CH65-2410-1,3,1.0,0.0,,0.0,False,
VA-AC-CH65,CH65-2410-2,5,2.0,0.0,,0.0,False,
VA-AC-CH65,CH65-2410-3,5,1.0,0.0,,0.0,False,
VA-AC-CH65,CH65-2410-4,3,2.0,1.0,2.5,0.333,False,
VA-AC-CH65,CH65-2411-2,1,0.0,0.0,,0.0,False,
VA-AC-CH65,CH65-2411-3,1,0.0,0.0,,0.0,False,
VA-AC-CH65,CH65-2411-4,3,2.0,0.0,2.5,0.0,False,
VA-AC-CH65,CH65-2412-1,3,2.0,0.0,,0.0,False,
VA-AC-CH65,CH65-2412-2,3,0.0,0.0,,0.0,False,
VA-AC-CH65,CH65-2412-3,3,3.0,0.0,5.0,0.0,False,
VA-AC-CH65,CH65-2412-4,3,2.0,0.0,,0.0,False,
VA-AC-CH65,CH65-2501-1,3,4.0,0.0,3.5,0.0,False,
VA-AC-CH65,CH65-2501-2,5,4.0,0.0,3.0,0.0,False,
VA-AC-CH65,CH65-2501-3,2,1.0,0.0,2.0,0.0,False,
VA-AC-CH65,CH65-2501-4,3,1.0,1.0,,0.333,False,
VA-AC-CH65,CH65-2502-2,5,5.0,1.0,3.0,0.2,False,
VA-AC-CH65,CH65-2502-3,2,1.0,0.0,,0.0,False,
VA-AC-CH65,CH65-2502-4,2,1.0,0.0,,0.0,False,
VA-AC-CH65,CH65-2503-1,2,1.0,0.0,,0.0,False,
VA-AC-CH65,CH65-2503-2,4,3.0,0.0,4.0,0.0,False,
VA-AC-CH65,CH65-2503-3,2,1.0,0.0,,0.0,False,
VA-AC-CH65,CH65-2503-4,3,4.0,1.0,3.667,0.333,False,
VA-AC-CH65,CH65-2504-1,3,4.0,0.0,3.0,0.0,False,
VA-AC-CH65,CH65-2504-2,2,0.0,0.0,,0.0,False,
VA-AC-CH65,CH65-2504-3,3,2.0,0.0,2.0,0.0,False,
VA-AC-CH65,CH65-2504-4,3,2.0,0.0,3.5,0.0,False,
VA-AC-CH65,CH65-2505-1,4,3.0,1.0,,0.25,False,
VA-AC-CH65,CH65-2505-2,2,1.0,0.0,4.0,0.0,False,
VA-AC-CH65,CH65-2505-3,3,4.0,2.0,3.5,0.667,False,
VA-AC-CH65,CH65-2505-4,1,0.0,0.0,,0.0,False,
VA-AC-CH65,CH65-2506-1,1,0.0,0.0,,0.0,False,
VA-AC-CH65,CH65-2506-2,2,2.0,1.0,2.5,0.5,False,
VA-AC-CH65,CH65-2506-3,5,5.0,0.0,4.0,0.0,False,
VA-AC-CH65,CH65-2506-4,5,5.0,0.0,4.0,0.0,False,
VA-AC-CH65,CH65-2507-1,3,2.0,0.0,,0.0,False,
VA-AC-CH65,CH65-2507-2,3,5.0,1.0,3.667,0.333,False,
VA-AC-CH65,CH65-2507-3,2,1.0,0.0,3.0,0.0,False,
VA-AC-CH65,CH65-2507-4,2,3.0,1.0,3.0,0.5,False,
VA-AC-CH65,CH65-2508-1,1,2.0,0.0,3.5,0.0,False,
VA-AC-CH65,CH65-2508-2,2,0.0,0.0,,0.0,False,
VA-AC-CH65,CH65-2508-3,3,2.0,0.0,4.0,0.0,False,
VA-AC-CH65,CH65-2508-4,2,0.0,0.0,,0.0,False,
VA-AC-CH65,CH65-2509-1,7,5.0,0.0,3.0,0.0,False,
VA-AC-CH65,CH65-2509-2,6,7.0,1.0,3.667,0.167,False,
VA-AC-CH65,CH65-2509-3,2,1.0,0.0,3.0,0.0,False,
VA-AC-CH65,CH65-2509-4,2,0.0,0.0,,0.0,False,
VA-AC-CH65,CH65-2510-1,4,4.0,1.0,3.5,0.25,False,
VA-AC-CH65,CH65-2510-3,3,1.0,0.0,2.0,0.0,False,
VA-AC-CH65,CH65-2511-1,3,1.0,0.0,,0.0,False,
VA-AC-CH65,CH65-2511-2,3,2.0,0.0,4.0,0.0,False,
VA-AC-CH65,CH65-2511-3,5,7.0,0.0,3.0,0.0,False,
VA-AC-CH65,CH65-2511-4,1,0.0,0.0,,0.0,False,
VA-AC-CH65,CH65-2512-1,5,5.0,1.0,3.0,0.2,False,
VA-AC-CH65,CH65-2512-2,3,3.0,0.0,,0.0,False,
VA-AC-CH65,CH65-2512-3,4,6.0,1.0,3.5,0.25,False,
VA-AC-CH65,CH65-2512-4,3,1.0,0.0,,0.0,False,
VA-AC-CH65,CH65-2601-1,5,3.0,0.0,,0.0,False,
VA-AC-CH65,CH65-2601-2,2,1.0,0.0,4.0,0.0,False,
VA-AC-CH65,CH65-2601-3,1,2.0,0.0,,0.0,False,
VA-AC-CH65,CH65-2601-4,1,1.0,0.0,,0.0,False,
VA-AC-CH65,CH65-2602-2,3,3.0,1.0,3.0,0.333,False,
VA-AC-CH65,CH65-2602-4,1,0.0,0.0,,0.0,False,
VA-AC-CH65,CH65-2603-1,6,5.0,0.0,2.0,0.0,False,
VA-AC-CH65,CH65-2603-2,3,3.0,0.0,,0.0,False,
VA-AC-CH65,CH65-2603-3,1,0.0,0.0,,0.0,False,
VA-AC-CH65,CH65-2603-4,5,5.0,0.0,4.0,0.0,False,
VA-AC-CH65,CH65-2604-1,4,3.0,0.0,,0.0,False,
VA-AC-CH65,CH65-2604-2,2,0.0,0.0,,0.0,False,
VA-AC-CH65,CH65-2604-4,1,0.0,0.0,,0.0,False,
VA-AC-CH65,CH65-2605-1,1,0.0,0.0,,0.0,False,
VA-AC-CH65,CH65-2605-2,1,1.0,0.0,,0.0,False,
VA-AC-CH65,CH65-2605-3,1,0.0,0.0,,0.0,False,
VA-EB-AIR,AIR-2405-3,2,0.0,0.0,,0.0,False,
VA-EB-AIR,AIR-2405-4,1,0.0,0.0,,0.0,False,
VA-EB-AIR,AIR-2406-1,3,1.0,0.0,2.0,0.0,False,
VA-EB-AIR,AIR-2406-2,5,0.0,0.0,,0.0,False,
VA-EB-AIR,AIR-2406-3,8,1.0,0.0,,0.0,False,
VA-EB-AIR,AIR-2406-4,2,0.0,0.0,,0.0,False,
VA-EB-AIR,AIR-2407-1,19,1.0,1.0,,0.053,False,
VA-EB-AIR,AIR-2407-2,13,3.0,0.0,,0.0,False,
VA-EB-AIR,AIR-2407-3,12,4.0,1.0,4.0,0.083,False,
VA-EB-AIR,AIR-2407-4,10,2.0,0.0,5.0,0.0,False,
VA-EB-AIR,AIR-2408-1,23,5.0,2.0,4.667,0.087,False,
VA-EB-AIR,AIR-2408-2,23,5.0,0.0,2.0,0.0,False,
VA-EB-AIR,AIR-2408-3,21,5.0,1.0,4.0,0.048,False,
VA-EB-AIR,AIR-2408-4,18,7.0,0.0,4.5,0.0,False,
VA-EB-AIR,AIR-2409-1,22,13.0,2.0,3.625,0.091,False,
VA-EB-AIR,AIR-2409-2,13,4.0,0.0,4.0,0.0,False,
VA-EB-AIR,AIR-2409-3,21,8.0,0.0,3.5,0.0,False,
VA-EB-AIR,AIR-2409-4,18,7.0,1.0,5.0,0.056,False,
VA-EB-AIR,AIR-2410-1,20,14.0,5.0,3.333,0.25,False,
VA-EB-AIR,AIR-2410-2,22,13.0,0.0,2.8,0.0,False,
VA-EB-AIR,AIR-2410-3,25,20.0,2.0,3.364,0.08,False,
VA-EB-AIR,AIR-2410-4,23,9.0,1.0,3.75,0.043,False,
VA-EB-AIR,AIR-2411-1,22,11.0,1.0,3.857,0.045,False,
VA-EB-AIR,AIR-2411-2,12,8.0,2.0,4.0,0.167,False,
VA-EB-AIR,AIR-2411-3,14,7.0,0.0,4.0,0.0,False,
VA-EB-AIR,AIR-2411-4,27,16.0,0.0,3.286,0.0,False,
VA-EB-AIR,AIR-2412-1,11,5.0,0.0,3.0,0.0,False,
VA-EB-AIR,AIR-2412-2,19,16.0,1.0,3.571,0.053,False,
VA-EB-AIR,AIR-2412-3,20,22.0,2.0,3.182,0.1,False,
VA-EB-AIR,AIR-2412-4,21,20.0,1.0,3.429,0.048,False,
VA-EB-AIR,AIR-2501-1,22,13.0,3.0,4.0,0.136,False,
VA-EB-AIR,AIR-2501-2,16,13.0,2.0,3.833,0.125,False,
VA-EB-AIR,AIR-2501-3,13,18.0,1.0,2.6,0.077,False,
VA-EB-AIR,AIR-2501-4,12,4.0,0.0,4.0,0.0,False,
VA-EB-AIR,AIR-2502-1,15,17.0,5.0,4.143,0.333,False,
VA-EB-AIR,AIR-2502-2,14,14.0,1.0,3.0,0.071,False,
VA-EB-AIR,AIR-2502-3,10,11.0,0.0,3.5,0.0,False,
VA-EB-AIR,AIR-2502-4,17,18.0,0.0,3.875,0.0,False,
VA-EB-AIR,AIR-2503-1,16,11.0,1.0,4.25,0.062,False,
VA-EB-AIR,AIR-2503-2,14,12.0,2.0,3.4,0.143,False,
VA-EB-AIR,AIR-2503-3,25,9.0,2.0,4.667,0.08,False,
VA-EB-AIR,AIR-2503-4,16,15.0,1.0,3.833,0.062,False,
VA-EB-AIR,AIR-2504-1,13,6.0,0.0,4.0,0.0,False,
VA-EB-AIR,AIR-2504-2,13,13.0,3.0,3.714,0.231,False,
VA-EB-AIR,AIR-2504-3,10,8.0,0.0,2.75,0.0,False,
VA-EB-AIR,AIR-2504-4,9,8.0,0.0,4.2,0.0,False,
VA-EB-AIR,AIR-2505-1,15,14.0,1.0,3.714,0.067,False,
VA-EB-AIR,AIR-2505-2,22,20.0,3.0,3.714,0.136,False,
VA-EB-AIR,AIR-2505-3,18,17.0,3.0,3.636,0.167,False,
VA-EB-AIR,AIR-2505-4,20,15.0,3.0,3.167,0.15,False,
VA-EB-AIR,AIR-2506-1,17,15.0,4.0,4.0,0.235,False,
VA-EB-AIR,AIR-2506-2,17,16.0,1.0,3.778,0.059,False,
VA-EB-AIR,AIR-2506-3,18,18.0,3.0,3.143,0.167,False,
VA-EB-AIR,AIR-2506-4,18,13.0,0.0,3.75,0.0,False,
VA-EB-AIR,AIR-2507-1,19,16.0,1.0,3.583,0.053,False,
VA-EB-AIR,AIR-2507-2,18,18.0,1.0,3.0,0.056,False,
VA-EB-AIR,AIR-2507-3,24,20.0,3.0,3.333,0.125,False,
VA-EB-AIR,AIR-2507-4,23,20.0,3.0,3.4,0.13,False,
VA-EB-AIR,AIR-2508-1,18,8.0,1.0,3.625,0.056,False,
VA-EB-AIR,AIR-2508-2,18,9.0,1.0,3.4,0.056,False,
VA-EB-AIR,AIR-2508-3,22,16.0,1.0,3.9,0.045,False,
VA-EB-AIR,AIR-2508-4,27,19.0,2.0,3.3,0.074,False,
VA-EB-AIR,AIR-2509-1,16,11.0,0.0,3.5,0.0,False,
VA-EB-AIR,AIR-2509-2,18,15.0,3.0,3.429,0.167,False,
VA-EB-AIR,AIR-2509-3,11,12.0,2.0,3.6,0.182,False,
VA-EB-AIR,AIR-2509-4,22,15.0,2.0,3.8,0.091,False,
VA-EB-AIR,AIR-2510-1,19,9.0,1.0,4.333,0.053,False,
VA-EB-AIR,AIR-2510-2,22,13.0,0.0,3.5,0.0,False,
VA-EB-AIR,AIR-2510-3,13,10.0,0.0,3.75,0.0,False,
VA-EB-AIR,AIR-2510-4,15,13.0,1.0,3.429,0.067,False,
VA-EB-AIR,AIR-2511-1,15,11.0,2.0,3.25,0.133,False,
VA-EB-AIR,AIR-2511-2,16,13.0,1.0,3.25,0.062,False,
VA-EB-AIR,AIR-2511-3,10,9.0,0.0,4.0,0.0,False,
VA-EB-AIR,AIR-2511-4,21,16.0,2.0,3.333,0.095,False,
VA-EB-AIR,AIR-2512-1,14,10.0,1.0,3.333,0.071,False,
VA-EB-AIR,AIR-2512-2,12,10.0,1.0,4.167,0.083,False,
VA-EB-AIR,AIR-2512-3,8,7.0,2.0,2.75,0.25,False,
VA-EB-AIR,AIR-2512-4,17,16.0,1.0,2.75,0.059,False,
VA-EB-AIR,AIR-2601-1,22,16.0,3.0,3.8,0.136,False,
VA-EB-AIR,AIR-2601-2,21,19.0,3.0,3.286,0.143,False,
VA-EB-AIR,AIR-2601-3,11,3.0,1.0,5.0,0.091,False,
VA-EB-AIR,AIR-2601-4,14,10.0,1.0,4.5,0.071,False,
VA-EB-AIR,AIR-2602-1,7,6.0,3.0,3.8,0.429,False,
VA-EB-AIR,AIR-2602-2,17,10.0,2.0,3.111,0.118,False,
VA-EB-AIR,AIR-2602-3,22,13.0,2.0,2.667,0.091,False,
VA-EB-AIR,AIR-2602-4,14,8.0,0.0,3.0,0.0,False,
VA-EB-AIR,AIR-2603-1,13,5.0,0.0,2.5,0.0,False,
VA-EB-AIR,AIR-2603-2,11,7.0,1.0,3.5,0.091,False,
VA-EB-AIR,AIR-2603-3,14,10.0,0.0,3.4,0.0,False,
VA-EB-AIR,AIR-2603-4,11,5.0,0.0,3.0,0.0,False,
VA-EB-AIR,AIR-2604-1,9,3.0,0.0,3.5,0.0,False,
VA-EB-AIR,AIR-2604-2,10,5.0,0.0,4.0,0.0,False,
VA-EB-AIR,AIR-2604-3,8,5.0,1.0,4.5,0.125,False,
VA-EB-AIR,AIR-2604-4,9,5.0,0.0,2.75,0.0,False,
VA-EB-AIR,AIR-2605-1,6,0.0,0.0,,0.0,False,
VA-EB-AIR,AIR-2605-2,1,1.0,0.0,,0.0,False,
VA-EB-AIR,AIR-2605-3,6,2.0,0.0,3.5,0.0,False,
VA-EB-AIR,AIR-2605-4,3,1.0,0.0,3.0,0.0,False,
VA-EB-AIR,AIR-2606-1,1,0.0,0.0,,0.0,False,
VA-EB-AIR,AIR-2606-3,1,0.0,0.0,,0.0,False,
VA-EB-AIR,AIR-2606-4,1,0.0,0.0,,0.0,False,
VA-EB-PL1,PL1-2403-1,4,1.0,0.0,,0.0,False,
VA-EB-PL1,PL1-2403-2,7,1.0,0.0,,0.0,False,
VA-EB-PL1,PL1-2403-3,5,0.0,0.0,,0.0,False,
VA-EB-PL1,PL1-2403-4,7,0.0,0.0,,0.0,False,
VA-EB-PL1,PL1-2404-1,13,0.0,0.0,,0.0,False,
VA-EB-PL1,PL1-2404-2,7,1.0,0.0,4.0,0.0,False,
VA-EB-PL1,PL1-2404-3,14,2.0,0.0,4.0,0.0,False,
VA-EB-PL1,PL1-2404-4,14,1.0,0.0,5.0,0.0,False,
VA-EB-PL1,PL1-2405-1,23,0.0,0.0,,0.0,False,
VA-EB-PL1,PL1-2405-2,17,1.0,0.0,,0.0,False,
VA-EB-PL1,PL1-2405-3,15,0.0,0.0,,0.0,False,
VA-EB-PL1,PL1-2405-4,21,3.0,0.0,3.0,0.0,False,
VA-EB-PL1,PL1-2406-1,17,0.0,0.0,,0.0,False,
VA-EB-PL1,PL1-2406-2,24,0.0,0.0,,0.0,False,
VA-EB-PL1,PL1-2406-3,26,3.0,0.0,3.5,0.0,False,
VA-EB-PL1,PL1-2406-4,20,2.0,0.0,5.0,0.0,False,
VA-EB-PL1,PL1-2407-1,27,6.0,0.0,3.333,0.0,False,
VA-EB-PL1,PL1-2407-2,17,3.0,0.0,4.0,0.0,False,
VA-EB-PL1,PL1-2407-3,22,4.0,1.0,3.333,0.045,False,
VA-EB-PL1,PL1-2407-4,25,3.0,0.0,5.0,0.0,False,
VA-EB-PL1,PL1-2408-1,13,2.0,0.0,4.0,0.0,False,
VA-EB-PL1,PL1-2408-2,21,6.0,1.0,3.0,0.048,False,
VA-EB-PL1,PL1-2408-3,21,1.0,0.0,,0.0,False,
VA-EB-PL1,PL1-2408-4,27,6.0,1.0,4.0,0.037,False,
VA-EB-PL1,PL1-2409-1,23,8.0,1.0,3.0,0.043,False,
VA-EB-PL1,PL1-2409-2,23,6.0,2.0,4.0,0.087,False,
VA-EB-PL1,PL1-2409-3,20,8.0,2.0,3.5,0.1,False,
VA-EB-PL1,PL1-2409-4,34,7.0,1.0,3.0,0.029,False,
VA-EB-PL1,PL1-2410-1,24,18.0,5.0,3.455,0.208,False,
VA-EB-PL1,PL1-2410-2,29,17.0,0.0,3.6,0.0,False,
VA-EB-PL1,PL1-2410-3,18,13.0,4.0,3.0,0.222,False,
VA-EB-PL1,PL1-2410-4,21,11.0,1.0,3.5,0.048,False,
VA-EB-PL1,PL1-2411-1,16,15.0,2.0,3.333,0.125,False,
VA-EB-PL1,PL1-2411-2,23,20.0,4.0,3.7,0.174,False,
VA-EB-PL1,PL1-2411-3,20,19.0,3.0,4.0,0.15,False,
VA-EB-PL1,PL1-2411-4,15,5.0,1.0,3.667,0.067,False,
VA-EB-PL1,PL1-2412-1,19,14.0,0.0,3.167,0.0,False,
VA-EB-PL1,PL1-2412-2,23,16.0,1.0,3.4,0.043,False,
VA-EB-PL1,PL1-2412-3,23,15.0,1.0,3.0,0.043,False,
VA-EB-PL1,PL1-2412-4,18,23.0,1.0,2.889,0.056,False,
VA-EB-PL1,PL1-2501-1,19,11.0,0.0,4.0,0.0,False,
VA-EB-PL1,PL1-2501-2,25,23.0,4.0,3.8,0.16,False,
VA-EB-PL1,PL1-2501-3,24,26.0,6.0,3.818,0.25,False,
VA-EB-PL1,PL1-2501-4,18,17.0,2.0,4.111,0.111,False,
VA-EB-PL1,PL1-2502-1,21,16.0,3.0,3.875,0.143,False,
VA-EB-PL1,PL1-2502-2,19,16.0,1.0,3.875,0.053,False,
VA-EB-PL1,PL1-2502-3,25,23.0,3.0,2.909,0.12,False,
VA-EB-PL1,PL1-2502-4,21,14.0,0.0,3.857,0.0,False,
VA-EB-PL1,PL1-2503-1,21,20.0,6.0,3.0,0.286,False,
VA-EB-PL1,PL1-2503-2,14,10.0,1.0,3.5,0.071,False,
VA-EB-PL1,PL1-2503-3,18,13.0,2.0,3.5,0.111,False,
VA-EB-PL1,PL1-2503-4,20,20.0,2.0,3.0,0.1,False,
VA-EB-PL1,PL1-2504-1,22,16.0,3.0,3.3,0.136,False,
VA-EB-PL1,PL1-2504-2,17,18.0,0.0,3.5,0.0,False,
VA-EB-PL1,PL1-2504-3,20,13.0,0.0,3.25,0.0,False,
VA-EB-PL1,PL1-2504-4,19,19.0,2.0,4.091,0.105,False,
VA-EB-PL1,PL1-2505-1,18,16.0,1.0,3.875,0.056,False,
VA-EB-PL1,PL1-2505-2,21,14.0,1.0,3.333,0.048,False,
VA-EB-PL1,PL1-2505-3,19,14.0,1.0,3.2,0.053,False,
VA-EB-PL1,PL1-2505-4,17,20.0,3.0,3.5,0.176,False,
VA-EB-PL1,PL1-2506-1,11,18.0,3.0,3.143,0.273,False,
VA-EB-PL1,PL1-2506-2,24,24.0,2.0,3.333,0.083,False,
VA-EB-PL1,PL1-2506-3,9,7.0,0.0,3.0,0.0,False,
VA-EB-PL1,PL1-2506-4,26,19.0,2.0,3.273,0.077,False,
VA-EB-PL1,PL1-2507-1,22,24.0,4.0,3.889,0.182,False,
VA-EB-PL1,PL1-2507-2,13,13.0,1.0,3.571,0.077,False,
VA-EB-PL1,PL1-2507-3,27,22.0,2.0,3.5,0.074,False,
VA-EB-PL1,PL1-2507-4,20,17.0,0.0,3.2,0.0,False,
VA-EB-PL1,PL1-2508-1,33,24.0,2.0,3.8,0.061,False,
VA-EB-PL1,PL1-2508-2,33,21.0,2.0,3.4,0.061,False,
VA-EB-PL1,PL1-2508-3,26,14.0,1.0,3.667,0.038,False,
VA-EB-PL1,PL1-2508-4,31,18.0,7.0,3.625,0.226,False,
VA-EB-PL1,PL1-2509-1,21,23.0,2.0,3.636,0.095,False,
VA-EB-PL1,PL1-2509-2,27,18.0,2.0,4.0,0.074,False,
VA-EB-PL1,PL1-2509-3,27,23.0,3.0,3.4,0.111,False,
VA-EB-PL1,PL1-2509-4,23,17.0,2.0,3.4,0.087,False,
VA-EB-PL1,PL1-2510-1,26,16.0,2.0,3.625,0.077,False,
VA-EB-PL1,PL1-2510-2,18,15.0,1.0,3.333,0.056,False,
VA-EB-PL1,PL1-2510-3,23,18.0,3.0,3.6,0.13,False,
VA-EB-PL1,PL1-2510-4,18,18.0,1.0,3.833,0.056,False,
VA-EB-PL1,PL1-2511-1,16,7.0,2.0,3.333,0.125,False,
VA-EB-PL1,PL1-2511-2,24,16.0,3.0,3.333,0.125,False,
VA-EB-PL1,PL1-2511-3,33,24.0,1.0,3.643,0.03,False,
VA-EB-PL1,PL1-2511-4,13,7.0,0.0,2.667,0.0,False,
VA-EB-PL1,PL1-2512-1,29,13.0,3.0,3.286,0.103,False,
VA-EB-PL1,PL1-2512-2,17,8.0,1.0,3.333,0.059,False,
VA-EB-PL1,PL1-2512-3,17,17.0,3.0,2.4,0.176,False,
VA-EB-PL1,PL1-2512-4,19,14.0,2.0,3.875,0.105,False,
VA-EB-PL1,PL1-2601-1,20,21.0,2.0,3.545,0.1,False,
VA-EB-PL1,PL1-2601-2,26,23.0,4.0,4.0,0.154,False,
VA-EB-PL1,PL1-2601-3,22,13.0,1.0,3.429,0.045,False,
VA-EB-PL1,PL1-2601-4,21,12.0,1.0,3.5,0.048,False,
VA-EB-PL1,PL1-2602-1,17,14.0,2.0,3.8,0.118,False,
VA-EB-PL1,PL1-2602-2,28,12.0,0.0,2.75,0.0,False,
VA-EB-PL1,PL1-2602-3,19,15.0,2.0,3.857,0.105,False,
VA-EB-PL1,PL1-2602-4,24,7.0,1.0,3.5,0.042,False,
VA-EB-PL1,PL1-2603-1,8,8.0,0.0,3.75,0.0,False,
VA-EB-PL1,PL1-2603-2,15,12.0,1.0,2.833,0.067,False,
VA-EB-PL1,PL1-2603-3,16,9.0,1.0,2.667,0.062,False,
VA-EB-PL1,PL1-2603-4,18,5.0,0.0,4.0,0.0,False,
VA-EB-PL1,PL1-2604-1,4,2.0,0.0,,0.0,False,
VA-EB-PL1,PL1-2604-2,15,4.0,0.0,3.0,0.0,False,
VA-EB-PL1,PL1-2604-3,14,3.0,0.0,5.0,0.0,False,
VA-EB-PL1,PL1-2604-4,17,4.0,0.0,4.0,0.0,False,
VA-EB-PL1,PL1-2605-1,6,1.0,0.0,3.0,0.0,False,
VA-EB-PL1,PL1-2605-2,10,5.0,0.0,3.0,0.0,False,
VA-EB-PL1,PL1-2605-3,5,1.0,0.0,,0.0,False,
VA-EB-PL1,PL1-2605-4,8,3.0,1.0,4.0,0.125,False,
VA-EB-PL2,PL2-2504-1,9,6.0,0.0,3.0,0.0,False,0.101
VA-EB-PL2,PL2-2504-2,8,11.0,3.0,3.625,0.375,False,0.101
VA-EB-PL2,PL2-2504-3,12,15.0,1.0,3.5,0.083,False,0.101
VA-EB-PL2,PL2-2504-4,7,6.0,0.0,3.5,0.0,False,0.101
VA-EB-PL2,PL2-2505-1,39,25.0,1.0,3.5,0.026,False,0.101
VA-EB-PL2,PL2-2505-2,34,37.0,5.0,3.688,0.147,False,0.101
VA-EB-PL2,PL2-2505-3,32,28.0,2.0,3.4,0.062,False,0.101
VA-EB-PL2,PL2-2505-4,30,25.0,3.0,3.556,0.1,False,0.101
VA-EB-PL2,PL2-2506-1,55,41.0,5.0,3.889,0.091,False,0.101
VA-EB-PL2,PL2-2506-2,46,37.0,6.0,3.476,0.13,False,0.101
VA-EB-PL2,PL2-2506-3,34,26.0,4.0,3.6,0.118,False,0.101
VA-EB-PL2,PL2-2506-4,49,35.0,2.0,3.667,0.041,False,0.101
VA-EB-PL2,PL2-2507-1,69,59.0,4.0,3.714,0.058,False,0.101
VA-EB-PL2,PL2-2507-2,60,49.0,5.0,3.538,0.083,False,0.101
VA-EB-PL2,PL2-2507-3,83,55.0,9.0,3.12,0.108,False,0.101
VA-EB-PL2,PL2-2507-4,64,37.0,4.0,3.357,0.062,False,0.101
VA-EB-PL2,PL2-2508-1,109,81.0,7.0,3.513,0.064,False,0.101
VA-EB-PL2,PL2-2508-2,110,69.0,6.0,4.0,0.055,False,0.101
VA-EB-PL2,PL2-2508-3,115,86.0,10.0,3.39,0.087,False,0.101
VA-EB-PL2,PL2-2508-4,104,86.0,9.0,3.5,0.087,False,0.101
VA-EB-PL2,PL2-2509-1,153,123.0,14.0,3.549,0.092,False,0.101
VA-EB-PL2,PL2-2509-2,153,125.0,13.0,3.441,0.085,False,0.101
VA-EB-PL2,PL2-2509-3,144,108.0,12.0,3.255,0.083,False,0.101
VA-EB-PL2,PL2-2509-4,123,91.0,10.0,3.523,0.081,False,0.101
VA-EB-PL2,PL2-2510-1,193,247.0,97.0,2.602,0.503,True,0.101
VA-EB-PL2,PL2-2510-2,186,236.0,88.0,2.719,0.473,True,0.101
VA-EB-PL2,PL2-2510-3,208,279.0,103.0,2.758,0.495,True,0.101
VA-EB-PL2,PL2-2510-4,194,247.0,97.0,2.654,0.5,True,0.101
VA-EB-PL2,PL2-2511-1,152,205.0,72.0,2.763,0.474,True,0.101
VA-EB-PL2,PL2-2511-2,167,211.0,83.0,2.765,0.497,True,0.101
VA-EB-PL2,PL2-2511-3,177,236.0,98.0,2.588,0.554,True,0.101
VA-EB-PL2,PL2-2511-4,183,241.0,90.0,2.817,0.492,True,0.101
VA-EB-PL2,PL2-2512-1,135,173.0,53.0,2.877,0.393,True,0.101
VA-EB-PL2,PL2-2512-2,125,168.0,59.0,2.901,0.472,True,0.101
VA-EB-PL2,PL2-2512-3,123,154.0,54.0,2.466,0.439,True,0.101
VA-EB-PL2,PL2-2512-4,136,166.0,64.0,2.714,0.471,True,0.101
VA-EB-PL2,PL2-2601-1,89,73.0,9.0,3.657,0.101,False,0.101
VA-EB-PL2,PL2-2601-2,78,62.0,9.0,3.69,0.115,False,0.101
VA-EB-PL2,PL2-2601-3,99,70.0,9.0,3.645,0.091,False,0.101
VA-EB-PL2,PL2-2601-4,74,47.0,7.0,3.471,0.095,False,0.101
VA-EB-PL2,PL2-2602-1,44,30.0,5.0,3.727,0.114,False,0.101
VA-EB-PL2,PL2-2602-2,45,37.0,4.0,3.059,0.089,False,0.101
VA-EB-PL2,PL2-2602-3,36,31.0,5.0,3.3,0.139,False,0.101
VA-EB-PL2,PL2-2602-4,46,31.0,2.0,3.429,0.043,False,0.101
VA-EB-PL2,PL2-2603-1,53,31.0,6.0,3.25,0.113,False,0.101
VA-EB-PL2,PL2-2603-2,37,26.0,2.0,3.462,0.054,False,0.101
VA-EB-PL2,PL2-2603-3,50,29.0,3.0,3.4,0.06,False,0.101
VA-EB-PL2,PL2-2603-4,44,21.0,4.0,3.889,0.091,False,0.101
VA-EB-PL2,PL2-2604-1,37,12.0,0.0,3.0,0.0,False,0.101
VA-EB-PL2,PL2-2604-2,25,12.0,1.0,3.25,0.04,False,0.101
VA-EB-PL2,PL2-2604-3,35,13.0,1.0,3.7,0.029,False,0.101
VA-EB-PL2,PL2-2604-4,31,14.0,1.0,4.167,0.032,False,0.101
VA-EB-PL2,PL2-2605-1,22,4.0,0.0,3.75,0.0,False,0.101
VA-EB-PL2,PL2-2605-2,18,4.0,2.0,,0.111,False,0.101
VA-EB-PL2,PL2-2605-3,14,0.0,0.0,,0.0,False,0.101
VA-EB-PL2,PL2-2605-4,16,8.0,2.0,3.5,0.125,False,0.101
VA-EB-PL2,PL2-2606-1,2,0.0,0.0,,0.0,False,0.101
VA-EB-PL2,PL2-2606-3,2,1.0,0.0,4.0,0.0,False,0.101
VA-EB-PL2,PL2-2606-4,3,0.0,0.0,,0.0,False,0.101
VA-HP-ST2,ST2-2403-1,1,0.0,0.0,,0.0,False,
VA-HP-ST2,ST2-2403-2,1,0.0,0.0,,0.0,False,
VA-HP-ST2,ST2-2403-3,2,0.0,0.0,,0.0,False,
VA-HP-ST2,ST2-2404-2,3,0.0,0.0,,0.0,False,
VA-HP-ST2,ST2-2404-3,1,0.0,0.0,,0.0,False,
VA-HP-ST2,ST2-2404-4,1,0.0,0.0,,0.0,False,
VA-HP-ST2,ST2-2405-1,5,0.0,0.0,,0.0,False,
VA-HP-ST2,ST2-2405-2,5,0.0,0.0,,0.0,False,
VA-HP-ST2,ST2-2405-3,5,1.0,0.0,,0.0,False,
VA-HP-ST2,ST2-2405-4,4,0.0,0.0,,0.0,False,
VA-HP-ST2,ST2-2406-1,3,0.0,0.0,,0.0,False,
VA-HP-ST2,ST2-2406-2,7,0.0,0.0,,0.0,False,
VA-HP-ST2,ST2-2406-3,4,1.0,0.0,4.0,0.0,False,
VA-HP-ST2,ST2-2406-4,7,3.0,0.0,3.0,0.0,False,
VA-HP-ST2,ST2-2407-1,8,0.0,0.0,,0.0,False,
VA-HP-ST2,ST2-2407-2,3,0.0,0.0,,0.0,False,
VA-HP-ST2,ST2-2407-3,12,3.0,1.0,2.0,0.083,False,
VA-HP-ST2,ST2-2407-4,9,1.0,0.0,,0.0,False,
VA-HP-ST2,ST2-2408-1,8,1.0,0.0,,0.0,False,
VA-HP-ST2,ST2-2408-2,6,0.0,0.0,,0.0,False,
VA-HP-ST2,ST2-2408-3,6,2.0,0.0,,0.0,False,
VA-HP-ST2,ST2-2408-4,5,0.0,0.0,,0.0,False,
VA-HP-ST2,ST2-2409-1,9,2.0,0.0,,0.0,False,
VA-HP-ST2,ST2-2409-2,8,2.0,1.0,4.0,0.125,False,
VA-HP-ST2,ST2-2409-3,13,4.0,1.0,4.5,0.077,False,
VA-HP-ST2,ST2-2409-4,8,2.0,0.0,,0.0,False,
VA-HP-ST2,ST2-2410-1,3,0.0,0.0,,0.0,False,
VA-HP-ST2,ST2-2410-2,7,1.0,0.0,4.0,0.0,False,
VA-HP-ST2,ST2-2410-3,12,6.0,1.0,3.0,0.083,False,
VA-HP-ST2,ST2-2410-4,8,5.0,2.0,3.75,0.25,False,
VA-HP-ST2,ST2-2411-1,5,4.0,0.0,4.5,0.0,False,
VA-HP-ST2,ST2-2411-2,7,1.0,0.0,4.0,0.0,False,
VA-HP-ST2,ST2-2411-3,8,5.0,0.0,3.25,0.0,False,
VA-HP-ST2,ST2-2411-4,7,7.0,1.0,2.667,0.143,False,
VA-HP-ST2,ST2-2412-1,7,7.0,0.0,4.0,0.0,False,
VA-HP-ST2,ST2-2412-2,7,10.0,1.0,3.6,0.143,False,
VA-HP-ST2,ST2-2412-4,3,3.0,0.0,3.0,0.0,False,
VA-HP-ST2,ST2-2501-1,3,4.0,0.0,4.0,0.0,False,
VA-HP-ST2,ST2-2501-2,4,0.0,0.0,,0.0,False,
VA-HP-ST2,ST2-2501-3,5,4.0,0.0,4.0,0.0,False,
VA-HP-ST2,ST2-2501-4,10,8.0,1.0,4.333,0.1,False,
VA-HP-ST2,ST2-2502-1,3,0.0,0.0,,0.0,False,
VA-HP-ST2,ST2-2502-2,4,9.0,2.0,3.667,0.5,False,
VA-HP-ST2,ST2-2502-3,1,1.0,0.0,2.0,0.0,False,
VA-HP-ST2,ST2-2502-4,8,6.0,0.0,3.75,0.0,False,
VA-HP-ST2,ST2-2503-1,8,4.0,1.0,5.0,0.125,False,
VA-HP-ST2,ST2-2503-2,9,11.0,1.0,3.5,0.111,False,
VA-HP-ST2,ST2-2503-3,2,2.0,2.0,3.0,1.0,False,
VA-HP-ST2,ST2-2503-4,7,2.0,0.0,3.0,0.0,False,
VA-HP-ST2,ST2-2504-1,6,3.0,0.0,,0.0,False,
VA-HP-ST2,ST2-2504-2,4,2.0,0.0,4.0,0.0,False,
VA-HP-ST2,ST2-2504-3,6,5.0,0.0,4.0,0.0,False,
VA-HP-ST2,ST2-2504-4,6,8.0,1.0,2.5,0.167,False,
VA-HP-ST2,ST2-2505-1,4,0.0,0.0,,0.0,False,
VA-HP-ST2,ST2-2505-2,8,7.0,2.0,3.25,0.25,False,
VA-HP-ST2,ST2-2505-3,8,9.0,1.0,3.0,0.125,False,
VA-HP-ST2,ST2-2505-4,11,6.0,1.0,3.667,0.091,False,
VA-HP-ST2,ST2-2506-1,6,4.0,1.0,3.0,0.167,False,
VA-HP-ST2,ST2-2506-2,7,3.0,0.0,3.0,0.0,False,
VA-HP-ST2,ST2-2506-3,7,0.0,0.0,,0.0,False,
VA-HP-ST2,ST2-2506-4,9,5.0,0.0,2.75,0.0,False,
VA-HP-ST2,ST2-2507-1,6,8.0,2.0,3.25,0.333,False,
VA-HP-ST2,ST2-2507-2,9,6.0,1.0,2.5,0.111,False,
VA-HP-ST2,ST2-2507-3,9,5.0,1.0,4.25,0.111,False,
VA-HP-ST2,ST2-2507-4,3,0.0,0.0,,0.0,False,
VA-HP-ST2,ST2-2508-1,1,2.0,0.0,5.0,0.0,False,
VA-HP-ST2,ST2-2508-2,5,2.0,0.0,2.0,0.0,False,
VA-HP-ST2,ST2-2508-3,12,9.0,0.0,3.5,0.0,False,
VA-HP-ST2,ST2-2508-4,9,7.0,0.0,2.667,0.0,False,
VA-HP-ST2,ST2-2509-1,5,2.0,0.0,2.0,0.0,False,
VA-HP-ST2,ST2-2509-2,7,2.0,0.0,4.0,0.0,False,
VA-HP-ST2,ST2-2509-3,9,8.0,2.0,2.25,0.222,False,
VA-HP-ST2,ST2-2509-4,6,3.0,1.0,,0.167,False,
VA-HP-ST2,ST2-2510-1,11,8.0,0.0,3.5,0.0,False,
VA-HP-ST2,ST2-2510-2,6,3.0,0.0,,0.0,False,
VA-HP-ST2,ST2-2510-3,5,8.0,1.0,3.5,0.2,False,
VA-HP-ST2,ST2-2510-4,5,4.0,0.0,3.5,0.0,False,
VA-HP-ST2,ST2-2511-1,5,4.0,0.0,2.0,0.0,False,
VA-HP-ST2,ST2-2511-2,5,2.0,0.0,,0.0,False,
VA-HP-ST2,ST2-2511-3,1,2.0,2.0,,2.0,False,
VA-HP-ST2,ST2-2511-4,8,4.0,1.0,3.0,0.125,False,
VA-HP-ST2,ST2-2512-1,5,4.0,0.0,4.0,0.0,False,
VA-HP-ST2,ST2-2512-2,1,0.0,0.0,,0.0,False,
VA-HP-ST2,ST2-2512-3,10,7.0,0.0,4.0,0.0,False,
VA-HP-ST2,ST2-2512-4,2,1.0,0.0,,0.0,False,
VA-HP-ST2,ST2-2601-1,8,8.0,0.0,4.2,0.0,False,
VA-HP-ST2,ST2-2601-2,4,2.0,0.0,3.0,0.0,False,
VA-HP-ST2,ST2-2601-3,8,1.0,0.0,,0.0,False,
VA-HP-ST2,ST2-2601-4,5,4.0,3.0,3.5,0.6,False,
VA-HP-ST2,ST2-2602-1,4,0.0,0.0,,0.0,False,
VA-HP-ST2,ST2-2602-2,3,1.0,0.0,,0.0,False,
VA-HP-ST2,ST2-2602-3,5,6.0,0.0,2.667,0.0,False,
VA-HP-ST2,ST2-2602-4,4,3.0,0.0,3.0,0.0,False,
VA-HP-ST2,ST2-2603-1,5,2.0,0.0,3.0,0.0,False,
VA-HP-ST2,ST2-2603-2,5,2.0,0.0,3.5,0.0,False,
VA-HP-ST2,ST2-2603-3,11,8.0,0.0,3.5,0.0,False,
VA-HP-ST2,ST2-2603-4,10,4.0,0.0,3.0,0.0,False,
VA-HP-ST2,ST2-2604-1,3,3.0,0.0,3.0,0.0,False,
VA-HP-ST2,ST2-2604-2,3,1.0,1.0,,0.333,False,
VA-HP-ST2,ST2-2604-3,2,1.0,0.0,2.0,0.0,False,
VA-HP-ST2,ST2-2604-4,1,2.0,1.0,4.0,1.0,False,
VA-HP-ST2,ST2-2605-2,2,0.0,0.0,,0.0,False,
VA-HP-ST2,ST2-2605-3,2,0.0,0.0,,0.0,False,
VA-HP-ST2,ST2-2605-4,2,0.0,0.0,,0.0,False,
VA-HP-ST3,ST3-2408-1,2,2.0,0.0,,0.0,False,
VA-HP-ST3,ST3-2408-2,4,3.0,0.0,5.0,0.0,False,
VA-HP-ST3,ST3-2408-3,2,0.0,0.0,,0.0,False,
VA-HP-ST3,ST3-2408-4,5,2.0,0.0,4.0,0.0,False,
VA-HP-ST3,ST3-2409-1,10,11.0,0.0,3.4,0.0,False,
VA-HP-ST3,ST3-2409-2,5,4.0,0.0,4.0,0.0,False,
VA-HP-ST3,ST3-2409-3,7,0.0,0.0,,0.0,False,
VA-HP-ST3,ST3-2409-4,3,0.0,0.0,,0.0,False,
VA-HP-ST3,ST3-2410-1,17,12.0,0.0,3.5,0.0,False,
VA-HP-ST3,ST3-2410-2,17,11.0,2.0,3.0,0.118,False,
VA-HP-ST3,ST3-2410-3,12,5.0,0.0,,0.0,False,
VA-HP-ST3,ST3-2410-4,9,10.0,1.0,3.333,0.111,False,
VA-HP-ST3,ST3-2411-1,13,8.0,0.0,3.4,0.0,False,
VA-HP-ST3,ST3-2411-2,12,8.0,1.0,2.8,0.083,False,
VA-HP-ST3,ST3-2411-3,14,11.0,0.0,4.0,0.0,False,
VA-HP-ST3,ST3-2411-4,16,14.0,2.0,3.4,0.125,False,
VA-HP-ST3,ST3-2412-1,12,5.0,0.0,3.0,0.0,False,
VA-HP-ST3,ST3-2412-2,17,8.0,0.0,4.0,0.0,False,
VA-HP-ST3,ST3-2412-3,18,20.0,2.0,3.625,0.111,False,
VA-HP-ST3,ST3-2412-4,12,12.0,0.0,3.0,0.0,False,
VA-HP-ST3,ST3-2501-1,16,11.0,1.0,3.167,0.062,False,
VA-HP-ST3,ST3-2501-2,18,12.0,1.0,3.714,0.056,False,
VA-HP-ST3,ST3-2501-3,20,18.0,3.0,3.778,0.15,False,
VA-HP-ST3,ST3-2501-4,12,10.0,0.0,3.0,0.0,False,
VA-HP-ST3,ST3-2502-1,5,4.0,0.0,4.0,0.0,False,
VA-HP-ST3,ST3-2502-2,7,8.0,2.0,3.333,0.286,False,
VA-HP-ST3,ST3-2502-3,14,10.0,2.0,3.8,0.143,False,
VA-HP-ST3,ST3-2502-4,6,3.0,1.0,5.0,0.167,False,
VA-HP-ST3,ST3-2503-1,19,14.0,2.0,3.0,0.105,False,
VA-HP-ST3,ST3-2503-2,7,10.0,3.0,2.0,0.429,False,
VA-HP-ST3,ST3-2503-3,14,8.0,1.0,3.5,0.071,False,
VA-HP-ST3,ST3-2503-4,17,16.0,4.0,3.667,0.235,False,
VA-HP-ST3,ST3-2504-1,11,3.0,0.0,3.0,0.0,False,
VA-HP-ST3,ST3-2504-2,10,9.0,1.0,4.25,0.1,False,
VA-HP-ST3,ST3-2504-3,9,11.0,1.0,4.167,0.111,False,
VA-HP-ST3,ST3-2504-4,11,8.0,0.0,4.0,0.0,False,
VA-HP-ST3,ST3-2505-1,10,10.0,0.0,3.333,0.0,False,
VA-HP-ST3,ST3-2505-2,14,15.0,2.0,3.875,0.143,False,
VA-HP-ST3,ST3-2505-3,10,7.0,1.0,3.667,0.1,False,
VA-HP-ST3,ST3-2505-4,13,12.0,1.0,3.2,0.077,False,
VA-HP-ST3,ST3-2506-1,12,13.0,2.0,3.167,0.167,False,
VA-HP-ST3,ST3-2506-2,4,3.0,2.0,,0.5,False,
VA-HP-ST3,ST3-2506-3,17,22.0,1.0,3.2,0.059,False,
VA-HP-ST3,ST3-2506-4,14,10.0,0.0,3.4,0.0,False,
VA-HP-ST3,ST3-2507-1,13,15.0,2.0,4.4,0.154,False,
VA-HP-ST3,ST3-2507-2,10,9.0,1.0,2.833,0.1,False,
VA-HP-ST3,ST3-2507-3,19,12.0,0.0,4.0,0.0,False,
VA-HP-ST3,ST3-2507-4,16,17.0,2.0,3.6,0.125,False,
VA-HP-ST3,ST3-2508-1,14,11.0,2.0,4.0,0.143,False,
VA-HP-ST3,ST3-2508-2,22,19.0,0.0,3.667,0.0,False,
VA-HP-ST3,ST3-2508-3,24,11.0,1.0,4.0,0.042,False,
VA-HP-ST3,ST3-2508-4,19,13.0,1.0,3.667,0.053,False,
VA-HP-ST3,ST3-2509-1,18,5.0,0.0,3.0,0.0,False,
VA-HP-ST3,ST3-2509-2,23,22.0,2.0,3.417,0.087,False,
VA-HP-ST3,ST3-2509-3,17,10.0,1.0,3.0,0.059,False,
VA-HP-ST3,ST3-2509-4,23,17.0,3.0,3.571,0.13,False,
VA-HP-ST3,ST3-2510-1,9,7.0,1.0,4.0,0.111,False,
VA-HP-ST3,ST3-2510-2,13,9.0,1.0,3.333,0.077,False,
VA-HP-ST3,ST3-2510-3,14,12.0,1.0,3.4,0.071,False,
VA-HP-ST3,ST3-2510-4,23,24.0,3.0,3.091,0.13,False,
VA-HP-ST3,ST3-2511-1,13,9.0,0.0,2.0,0.0,False,
VA-HP-ST3,ST3-2511-2,6,5.0,0.0,3.5,0.0,False,
VA-HP-ST3,ST3-2511-3,12,9.0,0.0,3.0,0.0,False,
VA-HP-ST3,ST3-2511-4,10,10.0,1.0,3.25,0.1,False,
VA-HP-ST3,ST3-2512-1,10,4.0,0.0,3.0,0.0,False,
VA-HP-ST3,ST3-2512-2,14,8.0,1.0,3.2,0.071,False,
VA-HP-ST3,ST3-2512-3,9,7.0,1.0,2.0,0.111,False,
VA-HP-ST3,ST3-2512-4,17,10.0,0.0,3.5,0.0,False,
VA-HP-ST3,ST3-2601-1,15,11.0,1.0,3.4,0.067,False,
VA-HP-ST3,ST3-2601-2,11,8.0,1.0,3.0,0.091,False,
VA-HP-ST3,ST3-2601-3,6,3.0,0.0,2.0,0.0,False,
VA-HP-ST3,ST3-2601-4,11,9.0,1.0,2.5,0.091,False,
VA-HP-ST3,ST3-2602-1,16,11.0,0.0,2.5,0.0,False,
VA-HP-ST3,ST3-2602-2,14,11.0,0.0,3.8,0.0,False,
VA-HP-ST3,ST3-2602-3,13,9.0,0.0,3.6,0.0,False,
VA-HP-ST3,ST3-2602-4,7,4.0,0.0,3.333,0.0,False,
VA-HP-ST3,ST3-2603-1,13,8.0,1.0,2.6,0.077,False,
VA-HP-ST3,ST3-2603-2,13,11.0,0.0,4.0,0.0,False,
VA-HP-ST3,ST3-2603-3,5,3.0,0.0,4.0,0.0,False,
VA-HP-ST3,ST3-2603-4,6,2.0,1.0,3.0,0.167,False,
VA-HP-ST3,ST3-2604-1,9,1.0,0.0,,0.0,False,
VA-HP-ST3,ST3-2604-2,7,1.0,0.0,,0.0,False,
VA-HP-ST3,ST3-2604-3,10,2.0,1.0,,0.1,False,
VA-HP-ST3,ST3-2604-4,8,2.0,0.0,,0.0,False,
VA-HP-ST3,ST3-2605-1,1,0.0,0.0,,0.0,False,
VA-HP-ST3,ST3-2605-2,4,3.0,1.0,,0.25,False,
VA-HP-ST3,ST3-2605-3,4,0.0,0.0,,0.0,False,
VA-HP-ST3,ST3-2605-4,5,0.0,0.0,,0.0,False,
VA-NB-ARC,ARC-2403-2,3,0.0,0.0,,0.0,False,
VA-NB-ARC,ARC-2404-1,4,0.0,0.0,,0.0,False,
VA-NB-ARC,ARC-2404-2,2,0.0,0.0,,0.0,False,
VA-NB-ARC,ARC-2404-3,2,0.0,0.0,,0.0,False,
VA-NB-ARC,ARC-2404-4,5,0.0,0.0,,0.0,False,
VA-NB-ARC,ARC-2405-1,6,1.0,0.0,4.0,0.0,False,
VA-NB-ARC,ARC-2405-2,5,0.0,0.0,,0.0,False,
VA-NB-ARC,ARC-2405-3,3,1.0,0.0,,0.0,False,
VA-NB-ARC,ARC-2405-4,6,0.0,0.0,,0.0,False,
VA-NB-ARC,ARC-2406-1,6,1.0,0.0,,0.0,False,
VA-NB-ARC,ARC-2406-2,4,0.0,0.0,,0.0,False,
VA-NB-ARC,ARC-2406-3,5,1.0,0.0,4.0,0.0,False,
VA-NB-ARC,ARC-2406-4,3,0.0,0.0,,0.0,False,
VA-NB-ARC,ARC-2407-1,12,3.0,0.0,5.0,0.0,False,
VA-NB-ARC,ARC-2407-2,12,0.0,0.0,,0.0,False,
VA-NB-ARC,ARC-2407-3,11,0.0,0.0,,0.0,False,
VA-NB-ARC,ARC-2407-4,7,1.0,0.0,,0.0,False,
VA-NB-ARC,ARC-2408-1,4,0.0,0.0,,0.0,False,
VA-NB-ARC,ARC-2408-2,8,5.0,2.0,3.333,0.25,False,
VA-NB-ARC,ARC-2408-3,7,3.0,0.0,,0.0,False,
VA-NB-ARC,ARC-2408-4,4,2.0,0.0,4.0,0.0,False,
VA-NB-ARC,ARC-2409-1,8,1.0,0.0,2.0,0.0,False,
VA-NB-ARC,ARC-2409-2,5,2.0,1.0,3.0,0.2,False,
VA-NB-ARC,ARC-2409-3,7,1.0,0.0,,0.0,False,
VA-NB-ARC,ARC-2409-4,11,8.0,1.0,3.333,0.091,False,
VA-NB-ARC,ARC-2410-1,3,2.0,0.0,3.0,0.0,False,
VA-NB-ARC,ARC-2410-2,6,5.0,2.0,3.0,0.333,False,
VA-NB-ARC,ARC-2410-3,6,4.0,0.0,3.0,0.0,False,
VA-NB-ARC,ARC-2410-4,5,4.0,0.0,3.0,0.0,False,
VA-NB-ARC,ARC-2411-1,1,1.0,0.0,3.0,0.0,False,
VA-NB-ARC,ARC-2411-2,6,3.0,1.0,3.0,0.167,False,
VA-NB-ARC,ARC-2411-3,2,5.0,0.0,3.333,0.0,False,
VA-NB-ARC,ARC-2411-4,2,2.0,1.0,4.0,0.5,False,
VA-NB-ARC,ARC-2412-1,5,9.0,0.0,3.0,0.0,False,
VA-NB-ARC,ARC-2412-2,4,4.0,0.0,,0.0,False,
VA-NB-ARC,ARC-2412-3,2,1.0,0.0,,0.0,False,
VA-NB-ARC,ARC-2412-4,6,6.0,1.0,3.5,0.167,False,
VA-NB-ARC,ARC-2501-1,6,3.0,1.0,4.0,0.167,False,
VA-NB-ARC,ARC-2501-2,5,5.0,1.0,3.0,0.2,False,
VA-NB-ARC,ARC-2501-3,10,4.0,1.0,4.0,0.1,False,
VA-NB-ARC,ARC-2501-4,3,1.0,0.0,,0.0,False,
VA-NB-ARC,ARC-2502-1,1,1.0,0.0,,0.0,False,
VA-NB-ARC,ARC-2502-2,11,9.0,1.0,4.0,0.091,False,
VA-NB-ARC,ARC-2502-3,5,2.0,0.0,3.0,0.0,False,
VA-NB-ARC,ARC-2502-4,6,6.0,2.0,3.4,0.333,False,
VA-NB-ARC,ARC-2503-1,3,6.0,0.0,3.0,0.0,False,
VA-NB-ARC,ARC-2503-2,6,8.0,1.0,3.8,0.167,False,
VA-NB-ARC,ARC-2503-3,6,5.0,0.0,3.0,0.0,False,
VA-NB-ARC,ARC-2503-4,7,5.0,1.0,4.5,0.143,False,
VA-NB-ARC,ARC-2504-1,4,5.0,0.0,4.0,0.0,False,
VA-NB-ARC,ARC-2504-2,2,1.0,0.0,,0.0,False,
VA-NB-ARC,ARC-2504-3,10,6.0,0.0,2.5,0.0,False,
VA-NB-ARC,ARC-2504-4,10,14.0,2.0,4.2,0.2,False,
VA-NB-ARC,ARC-2505-1,10,8.0,1.0,4.333,0.1,False,
VA-NB-ARC,ARC-2505-2,7,7.0,1.0,3.25,0.143,False,
VA-NB-ARC,ARC-2505-3,3,7.0,0.0,3.667,0.0,False,
VA-NB-ARC,ARC-2505-4,5,4.0,0.0,3.5,0.0,False,
VA-NB-ARC,ARC-2506-1,6,1.0,0.0,5.0,0.0,False,
VA-NB-ARC,ARC-2506-2,5,5.0,0.0,3.0,0.0,False,
VA-NB-ARC,ARC-2506-3,3,2.0,0.0,4.0,0.0,False,
VA-NB-ARC,ARC-2506-4,7,4.0,0.0,3.5,0.0,False,
VA-NB-ARC,ARC-2507-1,9,11.0,1.0,2.714,0.111,False,
VA-NB-ARC,ARC-2507-2,7,6.0,2.0,3.0,0.286,False,
VA-NB-ARC,ARC-2507-3,8,4.0,0.0,3.333,0.0,False,
VA-NB-ARC,ARC-2507-4,6,6.0,1.0,3.75,0.167,False,
VA-NB-ARC,ARC-2508-1,9,5.0,0.0,2.333,0.0,False,
VA-NB-ARC,ARC-2508-2,6,3.0,0.0,3.0,0.0,False,
VA-NB-ARC,ARC-2508-3,9,8.0,2.0,3.6,0.222,False,
VA-NB-ARC,ARC-2508-4,5,4.0,1.0,3.0,0.2,False,
VA-NB-ARC,ARC-2509-1,7,3.0,1.0,4.0,0.143,False,
VA-NB-ARC,ARC-2509-2,7,3.0,0.0,,0.0,False,
VA-NB-ARC,ARC-2509-3,8,6.0,0.0,3.0,0.0,False,
VA-NB-ARC,ARC-2509-4,5,5.0,0.0,3.0,0.0,False,
VA-NB-ARC,ARC-2510-1,3,3.0,1.0,,0.333,False,
VA-NB-ARC,ARC-2510-2,8,7.0,0.0,3.4,0.0,False,
VA-NB-ARC,ARC-2510-3,5,2.0,0.0,3.5,0.0,False,
VA-NB-ARC,ARC-2510-4,6,8.0,0.0,3.0,0.0,False,
VA-NB-ARC,ARC-2511-1,7,6.0,1.0,3.667,0.143,False,
VA-NB-ARC,ARC-2511-2,4,1.0,0.0,,0.0,False,
VA-NB-ARC,ARC-2511-3,8,8.0,2.0,3.333,0.25,False,
VA-NB-ARC,ARC-2511-4,4,3.0,0.0,5.0,0.0,False,
VA-NB-ARC,ARC-2512-1,6,5.0,0.0,4.0,0.0,False,
VA-NB-ARC,ARC-2512-2,6,6.0,0.0,3.4,0.0,False,
VA-NB-ARC,ARC-2512-3,9,9.0,1.0,4.2,0.111,False,
VA-NB-ARC,ARC-2512-4,10,12.0,2.0,3.625,0.2,False,
VA-NB-ARC,ARC-2601-1,8,7.0,2.0,5.0,0.25,False,
VA-NB-ARC,ARC-2601-2,2,0.0,0.0,,0.0,False,
VA-NB-ARC,ARC-2601-3,10,4.0,1.0,4.0,0.1,False,
VA-NB-ARC,ARC-2601-4,5,3.0,0.0,4.0,0.0,False,
VA-NB-ARC,ARC-2602-1,10,9.0,1.0,3.333,0.1,False,
VA-NB-ARC,ARC-2602-2,6,2.0,0.0,,0.0,False,
VA-NB-ARC,ARC-2602-3,4,2.0,0.0,2.0,0.0,False,
VA-NB-ARC,ARC-2602-4,4,2.0,2.0,3.0,0.5,False,
VA-NB-ARC,ARC-2603-1,8,6.0,0.0,3.25,0.0,False,
VA-NB-ARC,ARC-2603-2,6,3.0,0.0,5.0,0.0,False,
VA-NB-ARC,ARC-2603-3,6,4.0,0.0,3.0,0.0,False,
VA-NB-ARC,ARC-2603-4,7,0.0,0.0,,0.0,False,
VA-NB-ARC,ARC-2604-1,2,0.0,0.0,,0.0,False,
VA-NB-ARC,ARC-2604-2,4,0.0,0.0,,0.0,False,
VA-NB-ARC,ARC-2604-3,2,0.0,0.0,,0.0,False,
VA-NB-ARC,ARC-2604-4,7,3.0,1.0,3.0,0.143,False,
VA-NB-ARC,ARC-2605-1,2,1.0,0.0,,0.0,False,
VA-NB-ARC,ARC-2605-2,2,1.0,0.0,4.0,0.0,False,
VA-NB-ARC,ARC-2605-3,2,1.0,0.0,2.0,0.0,False,
VA-NB-ARC,ARC-2605-4,3,1.0,0.0,3.0,0.0,False,
VA-SP-MINI,MINI-2411-1,5,3.0,0.0,4.0,0.0,False,
VA-SP-MINI,MINI-2411-2,2,1.0,0.0,2.0,0.0,False,
VA-SP-MINI,MINI-2411-3,4,4.0,1.0,4.0,0.25,False,
VA-SP-MINI,MINI-2411-4,14,8.0,0.0,3.333,0.0,False,
VA-SP-MINI,MINI-2412-1,12,14.0,1.0,3.625,0.083,False,
VA-SP-MINI,MINI-2412-2,10,7.0,0.0,3.5,0.0,False,
VA-SP-MINI,MINI-2412-3,6,8.0,0.0,4.5,0.0,False,
VA-SP-MINI,MINI-2412-4,8,4.0,1.0,3.0,0.125,False,
VA-SP-MINI,MINI-2501-1,8,8.0,0.0,3.5,0.0,False,
VA-SP-MINI,MINI-2501-2,6,8.0,1.0,4.333,0.167,False,
VA-SP-MINI,MINI-2501-3,7,9.0,1.0,3.143,0.143,False,
VA-SP-MINI,MINI-2501-4,16,15.0,3.0,4.0,0.188,False,
VA-SP-MINI,MINI-2502-1,5,6.0,0.0,4.0,0.0,False,
VA-SP-MINI,MINI-2502-2,6,5.0,0.0,3.333,0.0,False,
VA-SP-MINI,MINI-2502-3,10,13.0,2.0,3.0,0.2,False,
VA-SP-MINI,MINI-2502-4,10,5.0,0.0,3.5,0.0,False,
VA-SP-MINI,MINI-2503-1,9,8.0,2.0,3.0,0.222,False,
VA-SP-MINI,MINI-2503-2,12,12.0,2.0,3.286,0.167,False,
VA-SP-MINI,MINI-2503-3,17,10.0,2.0,4.0,0.118,False,
VA-SP-MINI,MINI-2503-4,13,11.0,2.0,4.0,0.154,False,
VA-SP-MINI,MINI-2504-1,12,6.0,0.0,3.333,0.0,False,
VA-SP-MINI,MINI-2504-2,12,9.0,2.0,4.4,0.167,False,
VA-SP-MINI,MINI-2504-3,13,13.0,0.0,3.333,0.0,False,
VA-SP-MINI,MINI-2504-4,15,15.0,1.0,3.5,0.067,False,
VA-SP-MINI,MINI-2505-1,12,11.0,0.0,3.143,0.0,False,
VA-SP-MINI,MINI-2505-2,18,8.0,0.0,4.0,0.0,False,
VA-SP-MINI,MINI-2505-3,12,4.0,0.0,4.0,0.0,False,
VA-SP-MINI,MINI-2505-4,9,7.0,2.0,2.5,0.222,False,
VA-SP-MINI,MINI-2506-1,19,12.0,1.0,3.167,0.053,False,
VA-SP-MINI,MINI-2506-2,19,20.0,2.0,3.8,0.105,False,
VA-SP-MINI,MINI-2506-3,14,10.0,1.0,3.6,0.071,False,
VA-SP-MINI,MINI-2506-4,18,15.0,2.0,4.0,0.111,False,
VA-SP-MINI,MINI-2507-1,12,8.0,0.0,3.0,0.0,False,
VA-SP-MINI,MINI-2507-2,19,15.0,0.0,2.625,0.0,False,
VA-SP-MINI,MINI-2507-3,9,8.0,1.0,3.667,0.111,False,
VA-SP-MINI,MINI-2507-4,16,13.0,2.0,3.6,0.125,False,
VA-SP-MINI,MINI-2508-1,18,19.0,5.0,3.889,0.278,False,
VA-SP-MINI,MINI-2508-2,18,14.0,4.0,3.333,0.222,False,
VA-SP-MINI,MINI-2508-3,19,17.0,1.0,4.333,0.053,False,
VA-SP-MINI,MINI-2508-4,23,23.0,2.0,3.778,0.087,False,
VA-SP-MINI,MINI-2509-1,8,9.0,1.0,4.0,0.125,False,
VA-SP-MINI,MINI-2509-2,13,8.0,0.0,3.2,0.0,False,
VA-SP-MINI,MINI-2509-3,15,6.0,0.0,3.667,0.0,False,
VA-SP-MINI,MINI-2509-4,21,18.0,0.0,3.75,0.0,False,
VA-SP-MINI,MINI-2510-1,12,10.0,0.0,3.6,0.0,False,
VA-SP-MINI,MINI-2510-2,11,10.0,2.0,2.667,0.182,False,
VA-SP-MINI,MINI-2510-3,14,9.0,0.0,3.5,0.0,False,
VA-SP-MINI,MINI-2510-4,17,10.0,1.0,3.75,0.059,False,
VA-SP-MINI,MINI-2511-1,10,9.0,1.0,2.75,0.1,False,
VA-SP-MINI,MINI-2511-2,16,8.0,0.0,3.5,0.0,False,
VA-SP-MINI,MINI-2511-3,18,19.0,1.0,3.875,0.056,False,
VA-SP-MINI,MINI-2511-4,16,14.0,4.0,3.2,0.25,False,
VA-SP-MINI,MINI-2512-1,8,8.0,1.0,3.5,0.125,False,
VA-SP-MINI,MINI-2512-2,6,3.0,0.0,4.0,0.0,False,
VA-SP-MINI,MINI-2512-3,8,3.0,0.0,3.0,0.0,False,
VA-SP-MINI,MINI-2512-4,8,5.0,0.0,4.0,0.0,False,
VA-SP-MINI,MINI-2601-1,7,3.0,0.0,4.0,0.0,False,
VA-SP-MINI,MINI-2601-2,12,11.0,1.0,3.25,0.083,False,
VA-SP-MINI,MINI-2601-3,14,6.0,0.0,3.25,0.0,False,
VA-SP-MINI,MINI-2601-4,10,6.0,0.0,4.0,0.0,False,
VA-SP-MINI,MINI-2602-1,13,4.0,0.0,2.5,0.0,False,
VA-SP-MINI,MINI-2602-2,7,4.0,0.0,3.0,0.0,False,
VA-SP-MINI,MINI-2602-3,13,6.0,2.0,4.25,0.154,False,
VA-SP-MINI,MINI-2602-4,20,15.0,0.0,2.667,0.0,False,
VA-SP-MINI,MINI-2603-1,13,9.0,0.0,4.0,0.0,False,
VA-SP-MINI,MINI-2603-2,16,8.0,0.0,4.0,0.0,False,
VA-SP-MINI,MINI-2603-3,17,10.0,1.0,2.667,0.059,False,
VA-SP-MINI,MINI-2603-4,9,6.0,2.0,3.25,0.222,False,
VA-SP-MINI,MINI-2604-1,6,0.0,0.0,,0.0,False,
VA-SP-MINI,MINI-2604-2,7,2.0,0.0,4.0,0.0,False,
VA-SP-MINI,MINI-2604-3,5,1.0,0.0,,0.0,False,
VA-SP-MINI,MINI-2604-4,10,5.0,1.0,4.0,0.1,False,
VA-SP-MINI,MINI-2605-1,3,2.0,0.0,3.0,0.0,False,
VA-SP-MINI,MINI-2605-2,4,0.0,0.0,,0.0,False,
VA-SP-MINI,MINI-2605-3,7,4.0,0.0,3.0,0.0,False,
VA-SP-MINI,MINI-2605-4,9,4.0,0.0,4.0,0.0,False,
VA-SP-MINI,MINI-2606-1,1,0.0,0.0,,0.0,False,
VA-SP-MINI,MINI-2606-2,1,0.0,0.0,,0.0,False,
VA-SP-MINI,MINI-2606-3,1,0.0,0.0,,0.0,False,
VA-SP-ORB,ORB-2402-4,1,1.0,0.0,,0.0,False,
VA-SP-ORB,ORB-2403-2,2,0.0,0.0,,0.0,False,
VA-SP-ORB,ORB-2403-4,2,0.0,0.0,,0.0,False,
VA-SP-ORB,ORB-2404-1,3,0.0,0.0,,0.0,False,
VA-SP-ORB,ORB-2404-2,3,0.0,0.0,,0.0,False,
VA-SP-ORB,ORB-2404-3,4,1.0,0.0,,0.0,False,
VA-SP-ORB,ORB-2404-4,1,0.0,0.0,,0.0,False,
VA-SP-ORB,ORB-2405-1,4,2.0,0.0,5.0,0.0,False,
VA-SP-ORB,ORB-2405-2,5,2.0,0.0,,0.0,False,
VA-SP-ORB,ORB-2405-3,4,1.0,0.0,,0.0,False,
VA-SP-ORB,ORB-2405-4,7,0.0,0.0,,0.0,False,
VA-SP-ORB,ORB-2406-1,4,0.0,0.0,,0.0,False,
VA-SP-ORB,ORB-2406-2,6,1.0,0.0,,0.0,False,
VA-SP-ORB,ORB-2406-3,2,0.0,0.0,,0.0,False,
VA-SP-ORB,ORB-2406-4,7,0.0,0.0,,0.0,False,
VA-SP-ORB,ORB-2407-1,5,0.0,0.0,,0.0,False,
VA-SP-ORB,ORB-2407-2,6,0.0,0.0,,0.0,False,
VA-SP-ORB,ORB-2407-3,12,5.0,0.0,3.0,0.0,False,
VA-SP-ORB,ORB-2407-4,13,0.0,0.0,,0.0,False,
VA-SP-ORB,ORB-2408-1,13,5.0,1.0,2.0,0.077,False,
VA-SP-ORB,ORB-2408-2,11,2.0,1.0,2.5,0.091,False,
VA-SP-ORB,ORB-2408-3,7,0.0,0.0,,0.0,False,
VA-SP-ORB,ORB-2408-4,5,1.0,0.0,3.0,0.0,False,
VA-SP-ORB,ORB-2409-1,6,2.0,0.0,,0.0,False,
VA-SP-ORB,ORB-2409-2,11,3.0,0.0,3.0,0.0,False,
VA-SP-ORB,ORB-2409-3,3,2.0,1.0,,0.333,False,
VA-SP-ORB,ORB-2409-4,14,3.0,0.0,4.0,0.0,False,
VA-SP-ORB,ORB-2410-1,7,4.0,1.0,3.5,0.143,False,
VA-SP-ORB,ORB-2410-2,7,4.0,0.0,3.5,0.0,False,
VA-SP-ORB,ORB-2410-3,5,3.0,0.0,4.0,0.0,False,
VA-SP-ORB,ORB-2410-4,9,1.0,0.0,,0.0,False,
VA-SP-ORB,ORB-2411-1,5,4.0,0.0,4.0,0.0,False,
VA-SP-ORB,ORB-2411-2,8,8.0,0.0,3.75,0.0,False,
VA-SP-ORB,ORB-2411-3,10,9.0,1.0,3.25,0.1,False,
VA-SP-ORB,ORB-2411-4,6,6.0,1.0,2.0,0.167,False,
VA-SP-ORB,ORB-2412-1,6,5.0,0.0,3.667,0.0,False,
VA-SP-ORB,ORB-2412-2,9,4.0,0.0,1.0,0.0,False,
VA-SP-ORB,ORB-2412-3,7,5.0,0.0,5.0,0.0,False,
VA-SP-ORB,ORB-2412-4,4,4.0,1.0,,0.25,False,
VA-SP-ORB,ORB-2501-1,2,1.0,0.0,,0.0,False,
VA-SP-ORB,ORB-2501-2,6,5.0,0.0,5.0,0.0,False,
VA-SP-ORB,ORB-2501-3,5,3.0,1.0,3.667,0.2,False,
VA-SP-ORB,ORB-2501-4,3,1.0,0.0,4.0,0.0,False,
VA-SP-ORB,ORB-2502-1,3,2.0,0.0,3.0,0.0,False,
VA-SP-ORB,ORB-2502-2,2,4.0,0.0,2.5,0.0,False,
VA-SP-ORB,ORB-2502-3,8,10.0,0.0,3.667,0.0,False,
VA-SP-ORB,ORB-2502-4,5,3.0,0.0,3.5,0.0,False,
VA-SP-ORB,ORB-2503-1,7,6.0,1.0,3.75,0.143,False,
VA-SP-ORB,ORB-2503-2,7,3.0,0.0,4.0,0.0,False,
VA-SP-ORB,ORB-2503-3,3,1.0,0.0,3.0,0.0,False,
VA-SP-ORB,ORB-2503-4,2,1.0,0.0,,0.0,False,
VA-SP-ORB,ORB-2504-1,8,5.0,0.0,2.667,0.0,False,
VA-SP-ORB,ORB-2504-2,11,10.0,0.0,2.75,0.0,False,
VA-SP-ORB,ORB-2504-3,6,5.0,0.0,3.5,0.0,False,
VA-SP-ORB,ORB-2504-4,8,5.0,0.0,4.5,0.0,False,
VA-SP-ORB,ORB-2505-1,7,5.0,1.0,3.6,0.143,False,
VA-SP-ORB,ORB-2505-2,11,9.0,0.0,4.333,0.0,False,
VA-SP-ORB,ORB-2505-3,3,1.0,0.0,5.0,0.0,False,
VA-SP-ORB,ORB-2505-4,6,3.0,0.0,3.333,0.0,False,
VA-SP-ORB,ORB-2506-1,9,10.0,2.0,2.75,0.222,False,
VA-SP-ORB,ORB-2506-2,5,3.0,0.0,3.5,0.0,False,
VA-SP-ORB,ORB-2506-3,8,3.0,1.0,,0.125,False,
VA-SP-ORB,ORB-2506-4,9,10.0,0.0,2.667,0.0,False,
VA-SP-ORB,ORB-2507-1,6,2.0,0.0,4.0,0.0,False,
VA-SP-ORB,ORB-2507-2,9,8.0,1.0,4.0,0.111,False,
VA-SP-ORB,ORB-2507-3,8,14.0,1.0,3.444,0.125,False,
VA-SP-ORB,ORB-2507-4,14,12.0,0.0,3.333,0.0,False,
VA-SP-ORB,ORB-2508-1,13,19.0,3.0,3.143,0.231,False,
VA-SP-ORB,ORB-2508-2,11,10.0,0.0,3.5,0.0,False,
VA-SP-ORB,ORB-2508-3,8,5.0,0.0,2.0,0.0,False,
VA-SP-ORB,ORB-2508-4,8,4.0,1.0,2.5,0.125,False,
VA-SP-ORB,ORB-2509-1,7,5.0,0.0,3.4,0.0,False,
VA-SP-ORB,ORB-2509-2,10,8.0,0.0,3.5,0.0,False,
VA-SP-ORB,ORB-2509-3,7,4.0,0.0,,0.0,False,
VA-SP-ORB,ORB-2509-4,6,4.0,0.0,2.25,0.0,False,
VA-SP-ORB,ORB-2510-1,4,4.0,0.0,2.5,0.0,False,
VA-SP-ORB,ORB-2510-2,9,12.0,1.0,2.75,0.111,False,
VA-SP-ORB,ORB-2510-3,9,7.0,1.0,2.75,0.111,False,
VA-SP-ORB,ORB-2510-4,8,6.0,1.0,4.5,0.125,False,
VA-SP-ORB,ORB-2511-1,5,5.0,1.0,3.667,0.2,False,
VA-SP-ORB,ORB-2511-2,5,6.0,1.0,2.0,0.2,False,
VA-SP-ORB,ORB-2511-3,7,8.0,1.0,5.0,0.143,False,
VA-SP-ORB,ORB-2511-4,8,9.0,1.0,3.25,0.125,False,
VA-SP-ORB,ORB-2512-1,8,5.0,0.0,4.5,0.0,False,
VA-SP-ORB,ORB-2512-2,4,3.0,1.0,,0.25,False,
VA-SP-ORB,ORB-2512-3,7,3.0,0.0,,0.0,False,
VA-SP-ORB,ORB-2512-4,6,5.0,1.0,4.0,0.167,False,
VA-SP-ORB,ORB-2601-1,7,5.0,0.0,3.0,0.0,False,
VA-SP-ORB,ORB-2601-2,3,2.0,0.0,4.0,0.0,False,
VA-SP-ORB,ORB-2601-3,7,8.0,0.0,3.5,0.0,False,
VA-SP-ORB,ORB-2601-4,9,3.0,0.0,3.5,0.0,False,
VA-SP-ORB,ORB-2602-1,6,8.0,0.0,3.667,0.0,False,
VA-SP-ORB,ORB-2602-2,6,5.0,0.0,3.25,0.0,False,
VA-SP-ORB,ORB-2602-3,6,3.0,0.0,4.0,0.0,False,
VA-SP-ORB,ORB-2602-4,5,3.0,0.0,5.0,0.0,False,
VA-SP-ORB,ORB-2603-1,9,6.0,0.0,2.333,0.0,False,
VA-SP-ORB,ORB-2603-2,7,5.0,0.0,4.25,0.0,False,
VA-SP-ORB,ORB-2603-3,7,1.0,0.0,,0.0,False,
VA-SP-ORB,ORB-2603-4,4,2.0,1.0,2.0,0.25,False,
VA-SP-ORB,ORB-2604-1,4,4.0,0.0,4.0,0.0,False,
VA-SP-ORB,ORB-2604-2,5,1.0,0.0,1.0,0.0,False,
VA-SP-ORB,ORB-2604-3,3,1.0,0.0,,0.0,False,
VA-SP-ORB,ORB-2604-4,2,1.0,0.0,,0.0,False,
VA-SP-ORB,ORB-2605-1,1,0.0,0.0,,0.0,False,
VA-SP-ORB,ORB-2605-2,5,1.0,0.0,,0.0,False,
VA-SP-ORB,ORB-2605-3,1,1.0,0.0,3.0,0.0,False,
VA-SP-ORB,ORB-2605-4,2,0.0,0.0,,0.0,False,
VA-SP-ORB,ORB-2606-1,1,0.0,0.0,,0.0,False,
VA-SW-FIT,FIT-2404-1,1,0.0,0.0,,0.0,False,
VA-SW-FIT,FIT-2404-2,1,0.0,0.0,,0.0,False,
VA-SW-FIT,FIT-2404-3,1,0.0,0.0,,0.0,False,
VA-SW-FIT,FIT-2405-1,3,0.0,0.0,,0.0,False,
VA-SW-FIT,FIT-2405-2,4,0.0,0.0,,0.0,False,
VA-SW-FIT,FIT-2405-3,3,0.0,0.0,,0.0,False,
VA-SW-FIT,FIT-2405-4,4,0.0,0.0,,0.0,False,
VA-SW-FIT,FIT-2406-1,8,0.0,0.0,,0.0,False,
VA-SW-FIT,FIT-2406-2,4,0.0,0.0,,0.0,False,
VA-SW-FIT,FIT-2406-3,12,1.0,1.0,,0.083,False,
VA-SW-FIT,FIT-2406-4,5,0.0,0.0,,0.0,False,
VA-SW-FIT,FIT-2407-1,13,1.0,0.0,5.0,0.0,False,
VA-SW-FIT,FIT-2407-2,13,1.0,0.0,4.0,0.0,False,
VA-SW-FIT,FIT-2407-3,10,0.0,0.0,,0.0,False,
VA-SW-FIT,FIT-2407-4,9,0.0,0.0,,0.0,False,
VA-SW-FIT,FIT-2408-1,11,2.0,0.0,3.0,0.0,False,
VA-SW-FIT,FIT-2408-2,12,3.0,0.0,4.0,0.0,False,
VA-SW-FIT,FIT-2408-3,12,1.0,1.0,,0.083,False,
VA-SW-FIT,FIT-2408-4,17,5.0,0.0,4.5,0.0,False,
VA-SW-FIT,FIT-2409-1,10,4.0,0.0,,0.0,False,
VA-SW-FIT,FIT-2409-2,8,2.0,1.0,3.5,0.125,False,
VA-SW-FIT,FIT-2409-3,14,2.0,0.0,3.5,0.0,False,
VA-SW-FIT,FIT-2409-4,15,2.0,0.0,,0.0,False,
VA-SW-FIT,FIT-2410-1,15,10.0,2.0,2.75,0.133,False,
VA-SW-FIT,FIT-2410-2,7,7.0,1.0,4.0,0.143,False,
VA-SW-FIT,FIT-2410-3,12,4.0,0.0,3.0,0.0,False,
VA-SW-FIT,FIT-2410-4,14,6.0,0.0,4.5,0.0,False,
VA-SW-FIT,FIT-2411-1,9,7.0,2.0,2.75,0.222,False,
VA-SW-FIT,FIT-2411-2,7,5.0,0.0,3.0,0.0,False,
VA-SW-FIT,FIT-2411-3,8,5.0,0.0,3.5,0.0,False,
VA-SW-FIT,FIT-2411-4,6,4.0,0.0,3.0,0.0,False,
VA-SW-FIT,FIT-2412-1,7,12.0,2.0,3.333,0.286,False,
VA-SW-FIT,FIT-2412-2,8,2.0,0.0,3.0,0.0,False,
VA-SW-FIT,FIT-2412-3,11,15.0,1.0,3.556,0.091,False,
VA-SW-FIT,FIT-2412-4,12,6.0,0.0,4.0,0.0,False,
VA-SW-FIT,FIT-2501-1,9,5.0,0.0,4.0,0.0,False,
VA-SW-FIT,FIT-2501-2,6,3.0,0.0,4.0,0.0,False,
VA-SW-FIT,FIT-2501-3,9,3.0,0.0,4.0,0.0,False,
VA-SW-FIT,FIT-2501-4,13,19.0,1.0,3.333,0.077,False,
VA-SW-FIT,FIT-2502-1,10,8.0,0.0,3.167,0.0,False,
VA-SW-FIT,FIT-2502-2,6,6.0,2.0,2.667,0.333,False,
VA-SW-FIT,FIT-2502-3,13,6.0,1.0,3.333,0.077,False,
VA-SW-FIT,FIT-2502-4,13,8.0,1.0,4.5,0.077,False,
VA-SW-FIT,FIT-2503-1,5,3.0,0.0,3.0,0.0,False,
VA-SW-FIT,FIT-2503-2,4,2.0,1.0,5.0,0.25,False,
VA-SW-FIT,FIT-2503-3,15,7.0,0.0,3.25,0.0,False,
VA-SW-FIT,FIT-2503-4,9,7.0,0.0,2.5,0.0,False,
VA-SW-FIT,FIT-2504-1,14,8.0,1.0,4.25,0.071,False,
VA-SW-FIT,FIT-2504-2,10,8.0,1.0,3.8,0.1,False,
VA-SW-FIT,FIT-2504-3,11,10.0,0.0,3.667,0.0,False,
VA-SW-FIT,FIT-2504-4,11,5.0,1.0,2.0,0.091,False,
VA-SW-FIT,FIT-2505-1,11,10.0,0.0,3.4,0.0,False,
VA-SW-FIT,FIT-2505-2,11,13.0,1.0,3.286,0.091,False,
VA-SW-FIT,FIT-2505-3,11,15.0,4.0,3.0,0.364,False,
VA-SW-FIT,FIT-2505-4,15,17.0,1.0,3.167,0.067,False,
VA-SW-FIT,FIT-2506-1,11,10.0,0.0,3.0,0.0,False,
VA-SW-FIT,FIT-2506-2,10,3.0,0.0,,0.0,False,
VA-SW-FIT,FIT-2506-3,8,11.0,1.0,3.4,0.125,False,
VA-SW-FIT,FIT-2506-4,7,6.0,0.0,3.0,0.0,False,
VA-SW-FIT,FIT-2507-1,15,8.0,2.0,3.0,0.133,False,
VA-SW-FIT,FIT-2507-2,7,1.0,0.0,2.0,0.0,False,
VA-SW-FIT,FIT-2507-3,8,6.0,0.0,5.0,0.0,False,
VA-SW-FIT,FIT-2507-4,7,8.0,1.0,3.0,0.143,False,
VA-SW-FIT,FIT-2508-1,14,13.0,0.0,3.778,0.0,False,
VA-SW-FIT,FIT-2508-2,5,6.0,1.0,3.0,0.2,False,
VA-SW-FIT,FIT-2508-3,8,6.0,0.0,3.5,0.0,False,
VA-SW-FIT,FIT-2508-4,8,10.0,2.0,3.25,0.25,False,
VA-SW-FIT,FIT-2509-1,8,5.0,1.0,3.667,0.125,False,
VA-SW-FIT,FIT-2509-2,12,15.0,1.0,3.667,0.083,False,
VA-SW-FIT,FIT-2509-3,13,15.0,0.0,4.4,0.0,False,
VA-SW-FIT,FIT-2509-4,9,4.0,1.0,5.0,0.111,False,
VA-SW-FIT,FIT-2510-1,12,12.0,2.0,3.0,0.167,False,
VA-SW-FIT,FIT-2510-2,10,8.0,0.0,3.5,0.0,False,
VA-SW-FIT,FIT-2510-3,8,5.0,0.0,4.0,0.0,False,
VA-SW-FIT,FIT-2510-4,19,12.0,2.0,4.0,0.105,False,
VA-SW-FIT,FIT-2511-1,8,8.0,2.0,4.0,0.25,False,
VA-SW-FIT,FIT-2511-2,9,2.0,0.0,,0.0,False,
VA-SW-FIT,FIT-2511-3,15,20.0,4.0,3.333,0.267,False,
VA-SW-FIT,FIT-2511-4,8,6.0,0.0,3.5,0.0,False,
VA-SW-FIT,FIT-2512-1,3,4.0,0.0,3.0,0.0,False,
VA-SW-FIT,FIT-2512-2,7,6.0,1.0,4.25,0.143,False,
VA-SW-FIT,FIT-2512-3,6,2.0,0.0,,0.0,False,
VA-SW-FIT,FIT-2512-4,10,7.0,0.0,3.25,0.0,False,
VA-SW-FIT,FIT-2601-1,11,6.0,0.0,3.667,0.0,False,
VA-SW-FIT,FIT-2601-2,11,8.0,1.0,3.833,0.091,False,
VA-SW-FIT,FIT-2601-3,3,4.0,0.0,3.5,0.0,False,
VA-SW-FIT,FIT-2601-4,12,9.0,0.0,2.5,0.0,False,
VA-SW-FIT,FIT-2602-1,10,3.0,0.0,3.0,0.0,False,
VA-SW-FIT,FIT-2602-2,11,11.0,4.0,3.625,0.364,False,
VA-SW-FIT,FIT-2602-3,12,5.0,1.0,3.667,0.083,False,
VA-SW-FIT,FIT-2602-4,7,4.0,0.0,,0.0,False,
VA-SW-FIT,FIT-2603-1,7,9.0,3.0,3.25,0.429,False,
VA-SW-FIT,FIT-2603-2,9,6.0,0.0,4.667,0.0,False,
VA-SW-FIT,FIT-2603-3,13,10.0,1.0,3.667,0.077,False,
VA-SW-FIT,FIT-2603-4,5,4.0,1.0,4.0,0.2,False,
VA-SW-FIT,FIT-2604-1,10,6.0,0.0,4.0,0.0,False,
VA-SW-FIT,FIT-2604-2,7,1.0,0.0,,0.0,False,
VA-SW-FIT,FIT-2604-3,5,1.0,0.0,,0.0,False,
VA-SW-FIT,FIT-2604-4,4,5.0,0.0,3.0,0.0,False,
VA-SW-FIT,FIT-2605-1,2,1.0,0.0,,0.0,False,
VA-SW-FIT,FIT-2605-2,4,6.0,0.0,2.667,0.0,False,
VA-SW-FIT,FIT-2605-3,3,0.0,0.0,,0.0,False,
VA-SW-FIT,FIT-2605-4,1,1.0,0.0,3.0,0.0,False,
VA-SW-NX1,NX1-2403-1,1,0.0,0.0,,0.0,False,
VA-SW-NX1,NX1-2403-2,1,0.0,0.0,,0.0,False,
VA-SW-NX1,NX1-2403-3,1,0.0,0.0,,0.0,False,
VA-SW-NX1,NX1-2403-4,2,0.0,0.0,,0.0,False,
VA-SW-NX1,NX1-2404-1,4,0.0,0.0,,0.0,False,
VA-SW-NX1,NX1-2404-2,1,0.0,0.0,,0.0,False,
VA-SW-NX1,NX1-2404-3,1,0.0,0.0,,0.0,False,
VA-SW-NX1,NX1-2404-4,3,1.0,0.0,3.0,0.0,False,
VA-SW-NX1,NX1-2405-1,7,0.0,0.0,,0.0,False,
VA-SW-NX1,NX1-2405-2,5,0.0,0.0,,0.0,False,
VA-SW-NX1,NX1-2405-3,3,0.0,0.0,,0.0,False,
VA-SW-NX1,NX1-2405-4,8,1.0,1.0,3.0,0.125,False,
VA-SW-NX1,NX1-2406-1,2,0.0,0.0,,0.0,False,
VA-SW-NX1,NX1-2406-2,8,2.0,0.0,,0.0,False,
VA-SW-NX1,NX1-2406-3,4,0.0,0.0,,0.0,False,
VA-SW-NX1,NX1-2406-4,7,2.0,0.0,,0.0,False,
VA-SW-NX1,NX1-2407-1,13,0.0,0.0,,0.0,False,
VA-SW-NX1,NX1-2407-2,6,3.0,1.0,4.0,0.167,False,
VA-SW-NX1,NX1-2407-3,8,1.0,0.0,5.0,0.0,False,
VA-SW-NX1,NX1-2407-4,2,0.0,0.0,,0.0,False,
VA-SW-NX1,NX1-2408-1,8,3.0,0.0,3.0,0.0,False,
VA-SW-NX1,NX1-2408-2,6,0.0,0.0,,0.0,False,
VA-SW-NX1,NX1-2408-3,9,2.0,0.0,3.0,0.0,False,
VA-SW-NX1,NX1-2408-4,6,0.0,0.0,,0.0,False,
VA-SW-NX1,NX1-2409-1,7,3.0,0.0,2.0,0.0,False,
VA-SW-NX1,NX1-2409-2,8,1.0,0.0,3.0,0.0,False,
VA-SW-NX1,NX1-2409-3,6,1.0,1.0,1.0,0.167,False,
VA-SW-NX1,NX1-2409-4,5,1.0,1.0,4.0,0.2,False,
VA-SW-NX1,NX1-2410-1,8,5.0,1.0,3.0,0.125,False,
VA-SW-NX1,NX1-2410-2,6,3.0,0.0,2.0,0.0,False,
VA-SW-NX1,NX1-2410-3,8,4.0,1.0,3.5,0.125,False,
VA-SW-NX1,NX1-2410-4,6,2.0,0.0,5.0,0.0,False,
VA-SW-NX1,NX1-2411-1,9,8.0,1.0,3.5,0.111,False,
VA-SW-NX1,NX1-2411-2,4,5.0,0.0,2.0,0.0,False,
VA-SW-NX1,NX1-2411-3,4,6.0,0.0,4.0,0.0,False,
VA-SW-NX1,NX1-2411-4,1,1.0,0.0,3.0,0.0,False,
VA-SW-NX1,NX1-2412-1,5,6.0,1.0,4.0,0.2,False,
VA-SW-NX1,NX1-2412-2,6,11.0,0.0,3.4,0.0,False,
VA-SW-NX1,NX1-2412-3,5,3.0,0.0,4.0,0.0,False,
VA-SW-NX1,NX1-2412-4,7,7.0,1.0,3.5,0.143,False,
VA-SW-NX1,NX1-2501-1,4,5.0,0.0,3.333,0.0,False,
VA-SW-NX1,NX1-2501-2,4,3.0,0.0,3.0,0.0,False,
VA-SW-NX1,NX1-2501-3,2,2.0,0.0,,0.0,False,
VA-SW-NX1,NX1-2501-4,3,0.0,0.0,,0.0,False,
VA-SW-NX1,NX1-2502-1,4,5.0,0.0,,0.0,False,
VA-SW-NX1,NX1-2502-2,8,8.0,0.0,3.4,0.0,False,
VA-SW-NX1,NX1-2502-3,4,4.0,1.0,3.0,0.25,False,
VA-SW-NX1,NX1-2502-4,4,4.0,0.0,3.0,0.0,False,
VA-SW-NX1,NX1-2503-1,8,10.0,1.0,2.667,0.125,False,
VA-SW-NX1,NX1-2503-2,3,3.0,1.0,3.5,0.333,False,
VA-SW-NX1,NX1-2503-3,5,1.0,0.0,,0.0,False,
VA-SW-NX1,NX1-2503-4,6,5.0,0.0,4.0,0.0,False,
VA-SW-NX1,NX1-2504-1,4,4.0,0.0,4.0,0.0,False,
VA-SW-NX1,NX1-2504-2,6,5.0,0.0,3.0,0.0,False,
VA-SW-NX1,NX1-2504-3,2,1.0,0.0,,0.0,False,
VA-SW-NX1,NX1-2504-4,9,11.0,2.0,3.5,0.222,False,
VA-SW-NX1,NX1-2505-1,4,3.0,0.0,3.667,0.0,False,
VA-SW-NX1,NX1-2505-2,3,2.0,0.0,4.0,0.0,False,
VA-SW-NX1,NX1-2505-3,5,8.0,0.0,3.25,0.0,False,
VA-SW-NX1,NX1-2505-4,8,5.0,0.0,2.333,0.0,False,
VA-SW-NX1,NX1-2506-1,4,4.0,0.0,3.0,0.0,False,
VA-SW-NX1,NX1-2506-2,3,4.0,1.0,3.667,0.333,False,
VA-SW-NX1,NX1-2506-3,12,9.0,2.0,3.0,0.167,False,
VA-SW-NX1,NX1-2506-4,9,13.0,0.0,3.333,0.0,False,
VA-SW-NX1,NX1-2507-1,11,11.0,2.0,3.0,0.182,False,
VA-SW-NX1,NX1-2507-2,4,5.0,1.0,3.5,0.25,False,
VA-SW-NX1,NX1-2507-3,5,6.0,1.0,3.0,0.2,False,
VA-SW-NX1,NX1-2507-4,13,11.0,1.0,3.0,0.077,False,
VA-SW-NX1,NX1-2508-1,8,5.0,0.0,4.0,0.0,False,
VA-SW-NX1,NX1-2508-2,5,8.0,0.0,3.8,0.0,False,
VA-SW-NX1,NX1-2508-3,8,6.0,1.0,3.0,0.125,False,
VA-SW-NX1,NX1-2508-4,5,5.0,2.0,3.0,0.4,False,
VA-SW-NX1,NX1-2509-1,6,5.0,1.0,4.0,0.167,False,
VA-SW-NX1,NX1-2509-2,4,3.0,0.0,3.0,0.0,False,
VA-SW-NX1,NX1-2509-3,4,2.0,0.0,,0.0,False,
VA-SW-NX1,NX1-2509-4,6,6.0,0.0,3.0,0.0,False,
VA-SW-NX1,NX1-2510-1,8,8.0,1.0,3.8,0.125,False,
VA-SW-NX1,NX1-2510-2,8,12.0,0.0,3.667,0.0,False,
VA-SW-NX1,NX1-2510-3,6,4.0,0.0,3.0,0.0,False,
VA-SW-NX1,NX1-2510-4,6,8.0,0.0,3.333,0.0,False,
VA-SW-NX1,NX1-2511-1,4,3.0,0.0,3.0,0.0,False,
VA-SW-NX1,NX1-2511-2,5,6.0,0.0,4.0,0.0,False,
VA-SW-NX1,NX1-2511-3,3,2.0,0.0,,0.0,False,
VA-SW-NX1,NX1-2511-4,9,2.0,0.0,,0.0,False,
VA-SW-NX1,NX1-2512-1,7,3.0,0.0,,0.0,False,
VA-SW-NX1,NX1-2512-2,10,4.0,0.0,4.0,0.0,False,
VA-SW-NX1,NX1-2512-3,5,3.0,1.0,4.0,0.2,False,
VA-SW-NX1,NX1-2512-4,5,1.0,1.0,,0.2,False,
VA-SW-NX1,NX1-2601-1,6,5.0,1.0,2.5,0.167,False,
VA-SW-NX1,NX1-2601-2,5,2.0,0.0,4.0,0.0,False,
VA-SW-NX1,NX1-2601-3,7,4.0,0.0,3.667,0.0,False,
VA-SW-NX1,NX1-2601-4,7,5.0,0.0,3.667,0.0,False,
VA-SW-NX1,NX1-2602-1,5,3.0,1.0,4.0,0.2,False,
VA-SW-NX1,NX1-2602-2,6,5.0,1.0,3.667,0.167,False,
VA-SW-NX1,NX1-2602-3,5,5.0,0.0,3.0,0.0,False,
VA-SW-NX1,NX1-2602-4,9,3.0,0.0,4.0,0.0,False,
VA-SW-NX1,NX1-2603-1,8,6.0,0.0,4.0,0.0,False,
VA-SW-NX1,NX1-2603-2,5,5.0,0.0,4.5,0.0,False,
VA-SW-NX1,NX1-2603-3,6,2.0,0.0,,0.0,False,
VA-SW-NX1,NX1-2603-4,4,1.0,0.0,,0.0,False,
VA-SW-NX1,NX1-2604-1,3,1.0,0.0,,0.0,False,
VA-SW-NX1,NX1-2604-2,3,0.0,0.0,,0.0,False,
VA-SW-NX1,NX1-2604-3,2,1.0,0.0,,0.0,False,
VA-SW-NX1,NX1-2604-4,3,1.0,1.0,,0.333,False,
VA-SW-NX1,NX1-2605-1,3,2.0,0.0,4.0,0.0,False,
VA-SW-NX1,NX1-2605-2,1,0.0,0.0,,0.0,False,
VA-SW-NX1,NX1-2605-3,2,0.0,0.0,,0.0,False,
VA-SW-NX1,NX1-2605-4,2,1.0,0.0,4.0,0.0,False,
VA-SW-NX1,NX1-2606-1,1,0.0,0.0,,0.0,False,
VA-SW-NX2,NX2-2410-1,3,3.0,1.0,,0.333,False,
VA-SW-NX2,NX2-2410-3,2,1.0,0.0,4.0,0.0,False,
VA-SW-NX2,NX2-2410-4,9,7.0,1.0,3.667,0.111,False,
VA-SW-NX2,NX2-2411-1,8,13.0,1.0,4.0,0.125,False,
VA-SW-NX2,NX2-2411-2,6,3.0,0.0,3.0,0.0,False,
VA-SW-NX2,NX2-2411-3,11,5.0,0.0,,0.0,False,
VA-SW-NX2,NX2-2411-4,7,5.0,0.0,4.0,0.0,False,
VA-SW-NX2,NX2-2412-1,15,13.0,0.0,3.8,0.0,False,
VA-SW-NX2,NX2-2412-2,13,12.0,0.0,4.25,0.0,False,
VA-SW-NX2,NX2-2412-3,16,13.0,3.0,3.75,0.188,False,
VA-SW-NX2,NX2-2412-4,17,13.0,0.0,3.0,0.0,False,
VA-SW-NX2,NX2-2501-1,22,14.0,1.0,3.25,0.045,False,
VA-SW-NX2,NX2-2501-2,28,30.0,4.0,3.5,0.143,False,
VA-SW-NX2,NX2-2501-3,17,16.0,1.0,4.167,0.059,False,
VA-SW-NX2,NX2-2501-4,29,20.0,1.0,3.429,0.034,False,
VA-SW-NX2,NX2-2502-1,13,14.0,0.0,4.0,0.0,False,
VA-SW-NX2,NX2-2502-2,22,18.0,0.0,3.0,0.0,False,
VA-SW-NX2,NX2-2502-3,29,25.0,4.0,3.833,0.138,False,
VA-SW-NX2,NX2-2502-4,13,13.0,0.0,3.8,0.0,False,
VA-SW-NX2,NX2-2503-1,21,25.0,3.0,3.769,0.143,False,
VA-SW-NX2,NX2-2503-2,23,16.0,3.0,3.429,0.13,False,
VA-SW-NX2,NX2-2503-3,13,9.0,0.0,3.5,0.0,False,
VA-SW-NX2,NX2-2503-4,18,10.0,1.0,3.167,0.056,False,
VA-SW-NX2,NX2-2504-1,18,11.0,1.0,4.0,0.056,False,
VA-SW-NX2,NX2-2504-2,15,13.0,0.0,3.889,0.0,False,
VA-SW-NX2,NX2-2504-3,20,19.0,2.0,3.429,0.1,False,
VA-SW-NX2,NX2-2504-4,20,15.0,4.0,3.857,0.2,False,
VA-SW-NX2,NX2-2505-1,23,20.0,2.0,3.846,0.087,False,
VA-SW-NX2,NX2-2505-2,20,18.0,1.0,3.667,0.05,False,
VA-SW-NX2,NX2-2505-3,23,23.0,2.0,3.778,0.087,False,
VA-SW-NX2,NX2-2505-4,22,20.0,1.0,3.111,0.045,False,
VA-SW-NX2,NX2-2506-1,16,10.0,1.0,4.0,0.062,False,
VA-SW-NX2,NX2-2506-2,17,13.0,0.0,3.0,0.0,False,
VA-SW-NX2,NX2-2506-3,19,18.0,3.0,3.286,0.158,False,
VA-SW-NX2,NX2-2506-4,20,23.0,3.0,3.167,0.15,False,
VA-SW-NX2,NX2-2507-1,19,10.0,2.0,4.333,0.105,False,
VA-SW-NX2,NX2-2507-2,18,12.0,1.0,3.667,0.056,False,
VA-SW-NX2,NX2-2507-3,33,23.0,3.0,3.286,0.091,False,
VA-SW-NX2,NX2-2507-4,15,12.0,0.0,3.333,0.0,False,
VA-SW-NX2,NX2-2508-1,20,22.0,1.0,3.7,0.05,False,
VA-SW-NX2,NX2-2508-2,33,23.0,5.0,3.364,0.152,False,
VA-SW-NX2,NX2-2508-3,20,13.0,2.0,3.571,0.1,False,
VA-SW-NX2,NX2-2508-4,20,20.0,1.0,3.9,0.05,False,
VA-SW-NX2,NX2-2509-1,24,19.0,3.0,3.667,0.125,False,
VA-SW-NX2,NX2-2509-2,22,13.0,2.0,3.833,0.091,False,
VA-SW-NX2,NX2-2509-3,25,25.0,2.0,3.583,0.08,False,
VA-SW-NX2,NX2-2509-4,29,18.0,1.0,3.667,0.034,False,
VA-SW-NX2,NX2-2510-1,14,12.0,1.0,3.429,0.071,False,
VA-SW-NX2,NX2-2510-2,19,13.0,1.0,4.25,0.053,False,
VA-SW-NX2,NX2-2510-3,15,8.0,0.0,2.6,0.0,False,
VA-SW-NX2,NX2-2510-4,23,23.0,3.0,2.9,0.13,False,
VA-SW-NX2,NX2-2511-1,16,9.0,0.0,3.667,0.0,False,
VA-SW-NX2,NX2-2511-2,18,12.0,3.0,3.0,0.167,False,
VA-SW-NX2,NX2-2511-3,19,13.0,0.0,3.333,0.0,False,
VA-SW-NX2,NX2-2511-4,15,15.0,1.0,3.429,0.067,False,
VA-SW-NX2,NX2-2512-1,21,23.0,2.0,3.333,0.095,False,
VA-SW-NX2,NX2-2512-2,10,9.0,0.0,3.167,0.0,False,
VA-SW-NX2,NX2-2512-3,11,9.0,2.0,2.0,0.182,False,
VA-SW-NX2,NX2-2512-4,13,12.0,1.0,3.6,0.077,False,
VA-SW-NX2,NX2-2601-1,18,8.0,0.0,3.0,0.0,False,
VA-SW-NX2,NX2-2601-2,25,25.0,4.0,2.909,0.16,False,
VA-SW-NX2,NX2-2601-3,13,11.0,2.0,3.6,0.154,False,
VA-SW-NX2,NX2-2601-4,19,17.0,2.0,3.0,0.105,False,
VA-SW-NX2,NX2-2602-1,10,12.0,1.0,3.0,0.1,False,
VA-SW-NX2,NX2-2602-2,28,21.0,3.0,2.714,0.107,False,
VA-SW-NX2,NX2-2602-3,14,6.0,1.0,3.5,0.071,False,
VA-SW-NX2,NX2-2602-4,19,9.0,2.0,2.667,0.105,False,
VA-SW-NX2,NX2-2603-1,21,11.0,0.0,3.667,0.0,False,
VA-SW-NX2,NX2-2603-2,13,4.0,1.0,3.5,0.077,False,
VA-SW-NX2,NX2-2603-3,22,11.0,2.0,4.0,0.091,False,
VA-SW-NX2,NX2-2603-4,17,9.0,1.0,3.333,0.059,False,
VA-SW-NX2,NX2-2604-1,7,1.0,0.0,4.0,0.0,False,
VA-SW-NX2,NX2-2604-2,11,5.0,0.0,2.667,0.0,False,
VA-SW-NX2,NX2-2604-3,8,3.0,0.0,4.0,0.0,False,
VA-SW-NX2,NX2-2604-4,14,5.0,0.0,3.667,0.0,False,
VA-SW-NX2,NX2-2605-1,6,3.0,0.0,4.0,0.0,False,
VA-SW-NX2,NX2-2605-2,3,2.0,0.0,3.0,0.0,False,
VA-SW-NX2,NX2-2605-3,6,0.0,0.0,,0.0,False,
VA-SW-NX2,NX2-2605-4,6,2.0,0.0,,0.0,False,
VA-SW-NX2,NX2-2606-1,1,0.0,0.0,,0.0,False,
VA-SW-NX2,NX2-2606-3,1,0.0,0.0,,0.0,False,
